Keypoint_0,Keypoint_1,Keypoint_2,Keypoint_3,Keypoint_4,Keypoint_5,Keypoint_6,Keypoint_7,Keypoint_8,Keypoint_9,Keypoint_10,Keypoint_11,Keypoint_12,Keypoint_13,Keypoint_14,Keypoint_15,Keypoint_16,Keypoint_17,Keypoint_18,Keypoint_19,Keypoint_20
"[0.38886356353759766, 0.49927812814712524, -5.276673959997424e-07]","[0.4483916461467743, 0.412357360124588, -0.07216861844062805]","[0.4876844584941864, 0.29633164405822754, -0.1332365870475769]","[0.4983491897583008, 0.19541624188423157, -0.18947716057300568]","[0.5005743503570557, 0.10315112769603729, -0.23925764858722687]","[0.4881018400192261, 0.29161661863327026, -0.1255781352519989]","[0.5131331086158752, 0.230442076921463, -0.23405098915100098]","[0.5260946750640869, 0.27063602209091187, -0.2931404411792755]","[0.5346612930297852, 0.29865381121635437, -0.3202265501022339]","[0.39301761984825134, 0.3531210124492645, -0.12228599190711975]","[0.4497026205062866, 0.2917928397655487, -0.23203574120998383]","[0.4875316023826599, 0.34760648012161255, -0.2529281973838806]","[0.5062110424041748, 0.3921368420124054, -0.25406941771507263]","[0.2955014407634735, 0.41291385889053345, -0.12901677191257477]","[0.33925965428352356, 0.3767886757850647, -0.2323969006538391]","[0.39680150151252747, 0.4510628581047058, -0.22542747855186462]","[0.43360278010368347, 0.5133424997329712, -0.20083218812942505]","[0.2035578191280365, 0.4750680923461914, -0.14066995680332184]","[0.2366873025894165, 0.4601019024848938, -0.2051018327474594]","[0.2944467067718506, 0.5327115654945374, -0.1972227245569229]","[0.3313809037208557, 0.5945271253585815, -0.17914752662181854]"
"[0.7821145057678223, 0.3771285116672516, -7.044651084697762e-08]","[0.7707840204238892, 0.3563736379146576, -0.01351308822631836]","[0.7744786739349365, 0.33347031474113464, -0.030210396274924278]","[0.7939304113388062, 0.31311526894569397, -0.04612398520112038]","[0.8153756260871887, 0.2965191900730133, -0.06499287486076355]","[0.7765023708343506, 0.34693893790245056, -0.04152030125260353]","[0.8008494973182678, 0.31601792573928833, -0.06197413057088852]","[0.8122018575668335, 0.30626076459884644, -0.07660987228155136]","[0.8158446550369263, 0.3044138252735138, -0.08616791665554047]","[0.7946527004241943, 0.3591861128807068, -0.043464772403240204]","[0.8168834447860718, 0.3269958794116974, -0.05636531114578247]","[0.8261580467224121, 0.31259775161743164, -0.05923217907547951]","[0.8263009786605835, 0.3082398772239685, -0.06344857811927795]","[0.8118754029273987, 0.369964063167572, -0.04497412219643593]","[0.8350526094436646, 0.33851224184036255, -0.05807536467909813]","[0.842616617679596, 0.3224119544029236, -0.054527074098587036]","[0.8407316207885742, 0.31842899322509766, -0.05270130932331085]","[0.8264492750167847, 0.37838929891586304, -0.0476258285343647]","[0.8504251837730408, 0.3513748347759247, -0.05713002756237984]","[0.8591358661651611, 0.3344588577747345, -0.05153748393058777]","[0.8601399064064026, 0.3255983889102936, -0.04759811982512474]"
"[0.5944404006004333, 0.7625256776809692, 3.2197567634284496e-07]","[0.7053593397140503, 0.5287953615188599, -0.08028311282396317]","[0.6357019543647766, 0.30349335074424744, -0.11148575693368912]","[0.4675993323326111, 0.16454946994781494, -0.14615778625011444]","[0.3357340097427368, 0.08804666996002197, -0.1677582710981369]","[0.5513841509819031, 0.22011032700538635, 0.028141140937805176]","[0.4331035017967224, 0.09317445755004883, -0.0817367359995842]","[0.44767656922340393, 0.11047132313251495, -0.14685077965259552]","[0.47812187671661377, 0.15105588734149933, -0.17640966176986694]","[0.43410784006118774, 0.3024976849555969, 0.02054288238286972]","[0.3069203794002533, 0.19551756978034973, -0.09964951127767563]","[0.4018520712852478, 0.3237578272819519, -0.13569697737693787]","[0.49369198083877563, 0.371391624212265, -0.1310625821352005]","[0.3432454466819763, 0.41404056549072266, -0.013193389400839806]","[0.2381627857685089, 0.3294171392917633, -0.15874376893043518]","[0.3636764883995056, 0.45706799626350403, -0.1613469123840332]","[0.45414918661117554, 0.4843103587627411, -0.1238839328289032]","[0.2667524516582489, 0.5376107692718506, -0.053171444684267044]","[0.20689257979393005, 0.46753883361816406, -0.15909700095653534]","[0.29450923204421997, 0.5461714863777161, -0.16407926380634308]","[0.3690986633300781, 0.5694310069084167, -0.14330460131168365]"
"[0.34139445424079895, 0.4261339008808136, -1.4262997183323023e-06]","[0.42390120029449463, 0.30118048191070557, -0.12549851834774017]","[0.4147097170352936, 0.17262102663516998, -0.2001587152481079]","[0.3839081823825836, 0.13588067889213562, -0.255555659532547]","[0.340923547744751, 0.1416953057050705, -0.30814236402511597]","[0.29690277576446533, 0.14542999863624573, -0.20824819803237915]","[0.3162565231323242, 0.18985149264335632, -0.33034828305244446]","[0.4083710312843323, 0.30425626039505005, -0.3824658691883087]","[0.4662852883338928, 0.37017446756362915, -0.4045848548412323]","[0.2153250277042389, 0.2559729516506195, -0.1916438639163971]","[0.1854741871356964, 0.27987509965896606, -0.3180367350578308]","[0.30608463287353516, 0.39873170852661133, -0.3325170874595642]","[0.37613558769226074, 0.453069269657135, -0.3227401077747345]","[0.16288676857948303, 0.3740801215171814, -0.1854095160961151]","[0.1654222309589386, 0.4371527433395386, -0.30548524856567383]","[0.2973466217517853, 0.5246964693069458, -0.2876054346561432]","[0.3586970865726471, 0.5437626838684082, -0.25352370738983154]","[0.1407254934310913, 0.49198052287101746, -0.18650484085083008]","[0.1701335459947586, 0.5711592435836792, -0.26152417063713074]","[0.2735282778739929, 0.621524453163147, -0.24594128131866455]","[0.3198355436325073, 0.617327094078064, -0.22261856496334076]"
"[0.45414236187934875, 0.8170498609542847, 1.2212599642680289e-07]","[0.6495343446731567, 0.6835216283798218, -0.0755816102027893]","[0.7320270538330078, 0.44382280111312866, -0.08443962782621384]","[0.6717003583908081, 0.22714471817016602, -0.09674729406833649]","[0.6279200315475464, 0.07968497276306152, -0.09372442215681076]","[0.7001684308052063, 0.2966919243335724, 0.08006498962640762]","[0.7164347767829895, 0.12708032131195068, -0.01565898396074772]","[0.7258419394493103, 0.136269211769104, -0.06870444118976593]","[0.7023176550865173, 0.20460477471351624, -0.08354271948337555]","[0.5559135675430298, 0.296265572309494, 0.07862431555986404]","[0.5498616695404053, 0.12558618187904358, -0.04299013689160347]","[0.5548093318939209, 0.3015891909599304, -0.08091285824775696]","[0.5697985887527466, 0.4062649607658386, -0.06449828296899796]","[0.41915246844291687, 0.3330756425857544, 0.04941077157855034]","[0.4148041903972626, 0.22035609185695648, -0.10377480834722519]","[0.43313172459602356, 0.4127509891986847, -0.107477568089962]","[0.4530913233757019, 0.47174912691116333, -0.059584762901067734]","[0.27957579493522644, 0.3860127031803131, 0.016057860106229782]","[0.3014563322067261, 0.2961275279521942, -0.08792935311794281]","[0.32564061880111694, 0.43072232604026794, -0.08437034487724304]","[0.3505663275718689, 0.47666633129119873, -0.05272343382239342]"
"[0.2524682879447937, 0.6502355933189392, 6.520713213831186e-07]","[0.5101866126060486, 0.7191470265388489, -0.08161847293376923]","[0.7105919122695923, 0.6079868674278259, -0.11425073444843292]","[0.8148058652877808, 0.41794583201408386, -0.15374577045440674]","[0.8715047836303711, 0.2703496813774109, -0.18032866716384888]","[0.7761644124984741, 0.5004843473434448, 0.06363465636968613]","[0.8818408846855164, 0.3638429641723633, -0.046958357095718384]","[0.8890461921691895, 0.38138771057128906, -0.11815027892589569]","[0.8587763905525208, 0.41437381505966187, -0.14923343062400818]","[0.6693720817565918, 0.39868277311325073, 0.0558515265583992]","[0.7662574648857117, 0.25966769456863403, -0.07754504680633545]","[0.659162163734436, 0.38042277097702026, -0.12990333139896393]","[0.624725878238678, 0.4710151255130768, -0.12772028148174286]","[0.5436074733734131, 0.33474329113960266, 0.01974281296133995]","[0.6166190505027771, 0.22407495975494385, -0.14073380827903748]","[0.5156669616699219, 0.374819815158844, -0.15606510639190674]","[0.5055649876594543, 0.4529511630535126, -0.11838579922914505]","[0.4135819673538208, 0.2807007431983948, -0.022105611860752106]","[0.4734906852245331, 0.22441715002059937, -0.13624833524227142]","[0.4088577330112457, 0.3270827531814575, -0.14510434865951538]","[0.40079036355018616, 0.3952175974845886, -0.12229983508586884]"
"[0.4065580666065216, 0.8001132011413574, 2.2591403592286952e-07]","[0.6104416847229004, 0.7117002010345459, -0.0886560007929802]","[0.7320244312286377, 0.49130693078041077, -0.10828763991594315]","[0.7189891338348389, 0.2703845500946045, -0.13005812466144562]","[0.7018339037895203, 0.11525318026542664, -0.1368747055530548]","[0.7331160306930542, 0.3392482101917267, 0.06959444284439087]","[0.769641101360321, 0.17897257208824158, -0.03552248328924179]","[0.7783992886543274, 0.18371684849262238, -0.09462077915668488]","[0.7527849674224854, 0.2395913302898407, -0.11231826990842819]","[0.5919002890586853, 0.31243735551834106, 0.07193826884031296]","[0.6079390048980713, 0.14497268199920654, -0.059473298490047455]","[0.5834273099899292, 0.31544962525367737, -0.10215914994478226]","[0.5859614014625549, 0.4207341969013214, -0.0866112932562828]","[0.44958755373954773, 0.3229760229587555, 0.04525509104132652]","[0.4557223916053772, 0.2084921896457672, -0.11422494053840637]","[0.4463692903518677, 0.39479729533195496, -0.1183590516448021]","[0.4610306918621063, 0.46557924151420593, -0.06829381734132767]","[0.3026096820831299, 0.35353559255599976, 0.013059700839221478]","[0.33200329542160034, 0.2606317400932312, -0.09384781122207642]","[0.33503827452659607, 0.3972565829753876, -0.08913865685462952]","[0.35372617840766907, 0.4575701057910919, -0.0543765090405941]"
"[0.45192575454711914, 0.340503454208374, -1.266468956373501e-07]","[0.39297741651535034, 0.38269752264022827, -0.08165954053401947]","[0.3665485978126526, 0.34787648916244507, -0.14496900141239166]","[0.3792540431022644, 0.3129795789718628, -0.203823521733284]","[0.42242610454559326, 0.28249412775039673, -0.26385995745658875]","[0.6065012812614441, 0.3664267063140869, -0.17688575387001038]","[0.7063426971435547, 0.32652154564857483, -0.2853441834449768]","[0.7077691555023193, 0.3405834436416626, -0.34949639439582825]","[0.6747972965240479, 0.33667635917663574, -0.38134142756462097]","[0.6625010371208191, 0.3641444742679596, -0.18167349696159363]","[0.7167932987213135, 0.34750595688819885, -0.29358235001564026]","[0.673534095287323, 0.3637389838695526, -0.3321307897567749]","[0.6164476275444031, 0.35511279106140137, -0.3505459129810333]","[0.6671361923217773, 0.3474157750606537, -0.1909525841474533]","[0.728915810585022, 0.34625890851020813, -0.3058041036128998]","[0.6996131539344788, 0.3747985064983368, -0.32942652702331543]","[0.6423396468162537, 0.37251201272010803, -0.32681140303611755]","[0.6355756521224976, 0.32469555735588074, -0.20498989522457123]","[0.7134485244750977, 0.31800928711891174, -0.2744613587856293]","[0.7205268144607544, 0.33040672540664673, -0.2764256000518799]","[0.7138561606407166, 0.33063799142837524, -0.27005988359451294]"
"[0.4487001895904541, 0.5667937397956848, -1.3911547966927174e-06]","[0.5226771831512451, 0.4368298053741455, -0.09389154613018036]","[0.5023711323738098, 0.2861887812614441, -0.1561349481344223]","[0.4529682397842407, 0.17675182223320007, -0.2131630778312683]","[0.4009492099285126, 0.12632477283477783, -0.2594645321369171]","[0.3901647627353668, 0.31500157713890076, -0.10046356916427612]","[0.3712821304798126, 0.22868824005126953, -0.2015436291694641]","[0.46551769971847534, 0.2918608486652374, -0.2523898780345917]","[0.5109001398086548, 0.346373975276947, -0.2746436297893524]","[0.3177078366279602, 0.41138458251953125, -0.08901212364435196]","[0.3161945343017578, 0.3133183419704437, -0.18452131748199463]","[0.43871691823005676, 0.3886522650718689, -0.20482774078845978]","[0.48698097467422485, 0.4485630989074707, -0.2064715474843979]","[0.25274521112442017, 0.5159299373626709, -0.09168679267168045]","[0.2577354609966278, 0.4276370704174042, -0.19092528522014618]","[0.38509029150009155, 0.49658650159835815, -0.19587339460849762]","[0.4488528370857239, 0.5578017234802246, -0.1800752878189087]","[0.20359747111797333, 0.6295384764671326, -0.10109458118677139]","[0.2188599854707718, 0.5645710229873657, -0.16281691193580627]","[0.32381123304367065, 0.6151899695396423, -0.16494452953338623]","[0.3896446228027344, 0.6688971519470215, -0.155061274766922]"
"[0.5421773791313171, 0.7973935604095459, 1.09378170520813e-07]","[0.6984063982963562, 0.5761663913726807, -0.058877237141132355]","[0.6705436110496521, 0.34188148379325867, -0.059891052544116974]","[0.5294213891029358, 0.17076414823532104, -0.06757571548223495]","[0.41941243410110474, 0.07734808325767517, -0.058434534817934036]","[0.6003909111022949, 0.2443455159664154, 0.09565899521112442]","[0.5030493140220642, 0.0840492993593216, 0.013643256388604641]","[0.5174800157546997, 0.11898523569107056, -0.0272536538541317]","[0.5460867881774902, 0.17744435369968414, -0.03823426738381386]","[0.4703708291053772, 0.31168505549430847, 0.09002865105867386]","[0.3648451864719391, 0.18285709619522095, 0.000812725571449846]","[0.43227702379226685, 0.32994335889816284, -0.019804714247584343]","[0.5155752897262573, 0.3700709939002991, -0.003763697575777769]","[0.36536404490470886, 0.40403011441230774, 0.056234683841466904]","[0.2725362777709961, 0.3098008334636688, -0.06767922639846802]","[0.37250176072120667, 0.4578532576560974, -0.07139796018600464]","[0.4577198624610901, 0.47327539324760437, -0.03507804870605469]","[0.2693783938884735, 0.5075934529304504, 0.018073009327054024]","[0.22179007530212402, 0.42714059352874756, -0.0720793753862381]","[0.290560781955719, 0.523296594619751, -0.07567685842514038]","[0.35177257657051086, 0.549265444278717, -0.05354726314544678]"
"[0.3778098225593567, 0.35531842708587646, -5.465677759275422e-07]","[0.48903319239616394, 0.3569430708885193, -0.02661113440990448]","[0.6214189529418945, 0.3318130075931549, -0.06642349064350128]","[0.7350462675094604, 0.30761227011680603, -0.11477573215961456]","[0.8169518709182739, 0.27983078360557556, -0.15962067246437073]","[0.6476144790649414, 0.38949841260910034, -0.048525795340538025]","[0.7568414211273193, 0.34943053126335144, -0.118384450674057]","[0.7576816082000732, 0.3817514479160309, -0.15524524450302124]","[0.7058451771736145, 0.37787479162216187, -0.17065994441509247]","[0.5658961534500122, 0.3680264353752136, -0.06622135639190674]","[0.6630858778953552, 0.296786367893219, -0.1291857659816742]","[0.6500720381736755, 0.35562664270401, -0.14300750195980072]","[0.5770330429077148, 0.3560810387134552, -0.14720503985881805]","[0.4602563977241516, 0.3245464265346527, -0.08949725329875946]","[0.5565931797027588, 0.25718575716018677, -0.15503831207752228]","[0.5485384464263916, 0.3190666139125824, -0.15009571611881256]","[0.4853430986404419, 0.3288232684135437, -0.13406850397586823]","[0.33971014618873596, 0.2759009599685669, -0.11589083075523376]","[0.38305577635765076, 0.2186463624238968, -0.137132465839386]","[0.39267003536224365, 0.2675533592700958, -0.1139741912484169]","[0.3790118098258972, 0.29427239298820496, -0.0945124477148056]"
"[0.38740551471710205, 0.7730202674865723, 3.0782550197727687e-07]","[0.59257572889328, 0.7335407137870789, -0.07309781014919281]","[0.7544924020767212, 0.5351024270057678, -0.08425436913967133]","[0.7610615491867065, 0.3128202557563782, -0.0971396267414093]","[0.7610740065574646, 0.1611415147781372, -0.10138368606567383]","[0.7396140098571777, 0.3882735073566437, 0.051090024411678314]","[0.8047388792037964, 0.23926377296447754, -0.04673891142010689]","[0.8318541646003723, 0.2348783165216446, -0.10407356917858124]","[0.8199633359909058, 0.2781875729560852, -0.12554796040058136]","[0.6091609597206116, 0.3360646367073059, 0.04619472101330757]","[0.6688193678855896, 0.17516520619392395, -0.08051396161317825]","[0.6270486116409302, 0.336727499961853, -0.1263216882944107]","[0.6074724197387695, 0.44945648312568665, -0.1163465678691864]","[0.46975329518318176, 0.3236612379550934, 0.017972955480217934]","[0.5131608247756958, 0.213113933801651, -0.13567577302455902]","[0.47494375705718994, 0.3977386951446533, -0.13732196390628815]","[0.47125449776649475, 0.47414731979370117, -0.08860159665346146]","[0.3164961636066437, 0.33424776792526245, -0.0135600371286273]","[0.37132224440574646, 0.24640600383281708, -0.11834025382995605]","[0.36156943440437317, 0.3841332793235779, -0.10933196544647217]","[0.36758726835250854, 0.4477662146091461, -0.07377619296312332]"
"[0.5443692803382874, 0.8096742033958435, 5.44290742254816e-07]","[0.7138113379478455, 0.6168944835662842, -0.06675306707620621]","[0.7243143916130066, 0.3653680980205536, -0.0865417867898941]","[0.6020605564117432, 0.19092966616153717, -0.11206860840320587]","[0.4826843738555908, 0.0961233377456665, -0.12883345782756805]","[0.6230495572090149, 0.25868165493011475, 0.048032741993665695]","[0.5700522661209106, 0.08619928359985352, -0.0455879308283329]","[0.5886769890785217, 0.06756958365440369, -0.10809408128261566]","[0.599006175994873, 0.13287997245788574, -0.13449105620384216]","[0.4895626902580261, 0.2995905876159668, 0.03659821301698685]","[0.4263113737106323, 0.13572345674037933, -0.07415401935577393]","[0.4926576614379883, 0.27750757336616516, -0.11788913607597351]","[0.5533097982406616, 0.3859216272830963, -0.1149897649884224]","[0.37351006269454956, 0.3769499957561493, 0.0026053879410028458]","[0.332850843667984, 0.2600678503513336, -0.1306351125240326]","[0.4151918888092041, 0.4117698073387146, -0.13817377388477325]","[0.4679180979728699, 0.48059338331222534, -0.10304940491914749]","[0.2609221041202545, 0.47780904173851013, -0.03578777238726616]","[0.2501979470252991, 0.376550555229187, -0.12455131113529205]","[0.3216971457004547, 0.4776010513305664, -0.11878401041030884]","[0.3688793182373047, 0.5305700302124023, -0.09208040684461594]"
"[0.4016188085079193, 0.5246593952178955, -6.076745648897486e-07]","[0.47458380460739136, 0.4425168037414551, -0.08099434524774551]","[0.5231192708015442, 0.31710565090179443, -0.14339759945869446]","[0.5452287197113037, 0.20511764287948608, -0.2007400244474411]","[0.5666683912277222, 0.10998320579528809, -0.25104913115501404]","[0.5186505317687988, 0.30284562706947327, -0.13298772275447845]","[0.5373596549034119, 0.19443035125732422, -0.24908573925495148]","[0.5335320234298706, 0.24886253476142883, -0.30987679958343506]","[0.5395388603210449, 0.31843313574790955, -0.3349315822124481]","[0.40726494789123535, 0.3463209271430969, -0.12571869790554047]","[0.4576754570007324, 0.2651408910751343, -0.24544620513916016]","[0.4761216342449188, 0.3526815176010132, -0.26981762051582336]","[0.48664528131484985, 0.44051694869995117, -0.2694789469242096]","[0.2983606159687042, 0.3892918825149536, -0.1305248737335205]","[0.34397584199905396, 0.3389178216457367, -0.2389453798532486]","[0.37689244747161865, 0.44139909744262695, -0.2395278960466385]","[0.396687775850296, 0.5368149280548096, -0.2179943323135376]","[0.19932350516319275, 0.4387800395488739, -0.14069423079490662]","[0.24010597169399261, 0.4056946933269501, -0.20806294679641724]","[0.27592214941978455, 0.49273785948753357, -0.20829685032367706]","[0.29486212134361267, 0.5739196538925171, -0.19564086198806763]"
"[0.299412339925766, 0.7859693765640259, 2.003185954890796e-07]","[0.5544524192810059, 0.7614935636520386, -0.08046740293502808]","[0.7287235856056213, 0.5693137645721436, -0.11082655191421509]","[0.7749294638633728, 0.33412957191467285, -0.1495659202337265]","[0.7799371480941772, 0.17289099097251892, -0.1727205216884613]","[0.7668939232826233, 0.4111787676811218, 0.06000196933746338]","[0.8372706174850464, 0.2238340675830841, -0.05947594344615936]","[0.8246711492538452, 0.2727813124656677, -0.12692008912563324]","[0.7893723845481873, 0.34625208377838135, -0.15121319890022278]","[0.6289317607879639, 0.35399970412254333, 0.048092927783727646]","[0.6725924611091614, 0.1771329939365387, -0.09438040107488632]","[0.6033589839935303, 0.3503293991088867, -0.13997173309326172]","[0.5999079942703247, 0.4512440264225006, -0.12907721102237701]","[0.48396942019462585, 0.3315854072570801, 0.007185815833508968]","[0.5059556365013123, 0.2045348882675171, -0.1625443696975708]","[0.4511394798755646, 0.3950978219509125, -0.16719402372837067]","[0.46411922574043274, 0.4729118049144745, -0.11804475635290146]","[0.33217674493789673, 0.32703447341918945, -0.03893562778830528]","[0.37125688791275024, 0.23122912645339966, -0.15086355805397034]","[0.3388940989971161, 0.3684690594673157, -0.14513438940048218]","[0.345833957195282, 0.4401893615722656, -0.10924337804317474]"
"[0.34065255522727966, 0.6265800595283508, -1.0792281557314709e-07]","[0.42358219623565674, 0.5354404449462891, -0.09035131335258484]","[0.46840447187423706, 0.4188227355480194, -0.2340046763420105]","[0.4857085347175598, 0.3293824791908264, -0.3631497323513031]","[0.48246967792510986, 0.26313599944114685, -0.49298444390296936]","[0.4820050597190857, 0.3027834892272949, -0.4540010392665863]","[0.47660866379737854, 0.18127763271331787, -0.654557466506958]","[0.4792259931564331, 0.149878591299057, -0.7552421689033508]","[0.48897936940193176, 0.14570122957229614, -0.8112806677818298]","[0.41716963052749634, 0.38322487473487854, -0.48327454924583435]","[0.4020925760269165, 0.294605553150177, -0.6933884620666504]","[0.4208117425441742, 0.3514757752418518, -0.7433800101280212]","[0.44985413551330566, 0.4095194339752197, -0.7776280045509338]","[0.35253027081489563, 0.49767041206359863, -0.5030258297920227]","[0.32528024911880493, 0.46096014976501465, -0.6666406989097595]","[0.3451998829841614, 0.5108253955841064, -0.6709685325622559]","[0.37365856766700745, 0.5535318851470947, -0.6645650267601013]","[0.2882024049758911, 0.6376230120658875, -0.5257066488265991]","[0.269986629486084, 0.6293407678604126, -0.6442682147026062]","[0.28395792841911316, 0.6540625095367432, -0.6642026901245117]","[0.30340898036956787, 0.6774156093597412, -0.6738411784172058]"
"[0.5427455902099609, 0.7230287790298462, -3.9644373828195967e-07]","[0.6830055713653564, 0.5459145307540894, 0.018113672733306885]","[0.7134248614311218, 0.3672928810119629, 0.050789836794137955]","[0.6668146848678589, 0.22616435587406158, 0.0671425312757492]","[0.5871419310569763, 0.1610494703054428, 0.0840199813246727]","[0.6671558618545532, 0.3030783236026764, 0.14482946693897247]","[0.652951717376709, 0.1236080676317215, 0.13843604922294617]","[0.6254706382751465, 0.08215528726577759, 0.11867648363113403]","[0.5935970544815063, 0.10804858803749084, 0.11204493790864944]","[0.6067662239074707, 0.3169892728328705, 0.13076961040496826]","[0.5905159711837769, 0.1686278134584427, 0.11213681846857071]","[0.5722399950027466, 0.2249113917350769, 0.07917562872171402]","[0.5621120929718018, 0.31184545159339905, 0.07096206396818161]","[0.5592868328094482, 0.35047346353530884, 0.10657311230897903]","[0.5430147647857666, 0.223738431930542, 0.08147113770246506]","[0.5358344316482544, 0.291360467672348, 0.058516547083854675]","[0.5326153039932251, 0.3764079511165619, 0.05871673300862312]","[0.5174172520637512, 0.3977435529232025, 0.0831795334815979]","[0.525270402431488, 0.28162357211112976, 0.0643439069390297]","[0.5271772146224976, 0.31433722376823425, 0.058547403663396835]","[0.5273741483688354, 0.37471047043800354, 0.06588809192180634]"
"[0.43039315938949585, 0.5414681434631348, -1.8804490764523507e-06]","[0.5018359422683716, 0.4002242386341095, -0.099736787378788]","[0.4776042103767395, 0.2568932771682739, -0.16228410601615906]","[0.4251786470413208, 0.19234788417816162, -0.21638736128807068]","[0.38398921489715576, 0.2086959034204483, -0.25955498218536377]","[0.3554260730743408, 0.2609705328941345, -0.11320779472589493]","[0.3686854839324951, 0.16797798871994019, -0.21298226714134216]","[0.49637824296951294, 0.2438116818666458, -0.26255184412002563]","[0.5484024286270142, 0.3172842860221863, -0.2856546938419342]","[0.29478585720062256, 0.37320956587791443, -0.09980930387973785]","[0.2981731593608856, 0.3055361807346344, -0.19313687086105347]","[0.4510232210159302, 0.39349353313446045, -0.21318289637565613]","[0.5016989707946777, 0.45724785327911377, -0.2163914442062378]","[0.24335870146751404, 0.49731895327568054, -0.09932075440883636]","[0.23586858808994293, 0.437013179063797, -0.20743019878864288]","[0.3888389468193054, 0.50960373878479, -0.21230320632457733]","[0.45856404304504395, 0.5688489079475403, -0.19543687999248505]","[0.21395531296730042, 0.6298611164093018, -0.10429731756448746]","[0.22538131475448608, 0.5849764347076416, -0.1764977127313614]","[0.34595927596092224, 0.6383029222488403, -0.17741550505161285]","[0.4169721007347107, 0.6915877461433411, -0.16565673053264618]"
"[0.33509954810142517, 0.7683712244033813, 3.169205911035533e-07]","[0.5792772769927979, 0.7230672836303711, -0.06579475104808807]","[0.7309397459030151, 0.5336529612541199, -0.07285090535879135]","[0.7544224858283997, 0.3143337666988373, -0.08650445193052292]","[0.7560608983039856, 0.1605706512928009, -0.08682842552661896]","[0.7513667345046997, 0.40344470739364624, 0.1012725979089737]","[0.8052657842636108, 0.24008211493492126, 0.0055428966879844666]","[0.8139458298683167, 0.25448620319366455, -0.058584850281476974]","[0.7892506122589111, 0.2972877323627472, -0.08442152291536331]","[0.6157201528549194, 0.3442310094833374, 0.09626460820436478]","[0.6653530597686768, 0.17875847220420837, -0.02753295935690403]","[0.6157878637313843, 0.3299310505390167, -0.08428458124399185]","[0.6024094820022583, 0.4254215657711029, -0.08309821039438248]","[0.4770660102367401, 0.3247784972190857, 0.06398498266935349]","[0.5135601758956909, 0.20104306936264038, -0.08516060560941696]","[0.47706788778305054, 0.38069936633110046, -0.1064787283539772]","[0.4835606515407562, 0.4529292583465576, -0.07240529358386993]","[0.3331111967563629, 0.3229794502258301, 0.027960235252976418]","[0.38345983624458313, 0.23688000440597534, -0.07705748081207275]","[0.36017918586730957, 0.3618466854095459, -0.08688508719205856]","[0.3693861663341522, 0.4279603660106659, -0.06516562402248383]"
"[0.5368594527244568, 0.8095101118087769, 5.175791102374205e-07]","[0.7074182033538818, 0.6162017583847046, -0.0676707848906517]","[0.720608651638031, 0.3736806809902191, -0.09029407054185867]","[0.6032336950302124, 0.19966857135295868, -0.11932071298360825]","[0.49866485595703125, 0.09956777095794678, -0.13637788593769073]","[0.6221585869789124, 0.2563173174858093, 0.03977862000465393]","[0.5601240992546082, 0.08530235290527344, -0.05615641549229622]","[0.581510603427887, 0.08805191516876221, -0.10952303558588028]","[0.593700647354126, 0.1426801234483719, -0.1292480081319809]","[0.4847257137298584, 0.29850655794143677, 0.02600129507482052]","[0.4257366955280304, 0.14318381249904633, -0.08167236298322678]","[0.491506963968277, 0.30312639474868774, -0.11117589473724365]","[0.5527289509773254, 0.38544097542762756, -0.09918634593486786]","[0.3680315613746643, 0.3784655034542084, -0.011584581807255745]","[0.32359179854393005, 0.25899940729141235, -0.14523951709270477]","[0.41198721528053284, 0.4219844341278076, -0.1408776044845581]","[0.4706035256385803, 0.4720050096511841, -0.09847792983055115]","[0.2592279613018036, 0.4807151257991791, -0.054150912910699844]","[0.2413121461868286, 0.37603700160980225, -0.1449689120054245]","[0.31028851866722107, 0.4811567962169647, -0.1348283588886261]","[0.35393691062927246, 0.5270047187805176, -0.10433414578437805]"
"[0.4517996311187744, 0.4902283251285553, -6.992771091063332e-07]","[0.5121335387229919, 0.39413362741470337, -0.0899646207690239]","[0.5513921976089478, 0.2796128988265991, -0.16415323317050934]","[0.5614043474197388, 0.1818070411682129, -0.22585728764533997]","[0.5648737549781799, 0.09087841212749481, -0.28724896907806396]","[0.5081990957260132, 0.2308684140443802, -0.20506615936756134]","[0.5260746479034424, 0.1744430810213089, -0.3288387656211853]","[0.5385904312133789, 0.26072752475738525, -0.3888584077358246]","[0.5466811656951904, 0.3411882519721985, -0.4158749282360077]","[0.41698166728019714, 0.2824571430683136, -0.20341092348098755]","[0.4472959637641907, 0.22262106835842133, -0.34222665429115295]","[0.4816611111164093, 0.33744266629219055, -0.3734990656375885]","[0.5039276480674744, 0.43704208731651306, -0.3751539885997772]","[0.3356685936450958, 0.34691494703292847, -0.20847181975841522]","[0.32368260622024536, 0.31003034114837646, -0.34141770005226135]","[0.3617055416107178, 0.40525180101394653, -0.354064017534256]","[0.3888239860534668, 0.4846409559249878, -0.33917108178138733]","[0.2664140462875366, 0.421062707901001, -0.2144385576248169]","[0.25192660093307495, 0.43072691559791565, -0.3133225440979004]","[0.28925248980522156, 0.49783748388290405, -0.326832115650177]","[0.3173098564147949, 0.5443015098571777, -0.32058578729629517]"
"[0.4128122329711914, 0.8111250400543213, 3.5169335887985653e-07]","[0.6305669546127319, 0.7208689451217651, -0.06891407072544098]","[0.7569748759269714, 0.5032156109809875, -0.08870775252580643]","[0.7294950485229492, 0.28566083312034607, -0.11322306096553802]","[0.6955476999282837, 0.1387811303138733, -0.1274430751800537]","[0.7233156561851501, 0.3460530638694763, 0.05104999244213104]","[0.7598484754562378, 0.1726776361465454, -0.045769959688186646]","[0.7894359827041626, 0.17611661553382874, -0.10007409006357193]","[0.7765553593635559, 0.2400512844324112, -0.11822976917028427]","[0.5822781324386597, 0.3176794648170471, 0.04228396713733673]","[0.6172062754631042, 0.150122731924057, -0.07766474038362503]","[0.5989104509353638, 0.3292103409767151, -0.11305862665176392]","[0.595474362373352, 0.44106560945510864, -0.09745772927999496]","[0.44278693199157715, 0.32764899730682373, 0.009541897103190422]","[0.46771517395973206, 0.20809495449066162, -0.136585995554924]","[0.46582114696502686, 0.4019339084625244, -0.13225513696670532]","[0.4736284613609314, 0.47870320081710815, -0.08277072757482529]","[0.29497960209846497, 0.36164453625679016, -0.026959046721458435]","[0.3393431603908539, 0.26260149478912354, -0.12842996418476105]","[0.3502621352672577, 0.40291860699653625, -0.1180296540260315]","[0.36008358001708984, 0.46708282828330994, -0.08259831368923187]"
"[0.28576797246932983, 0.6069860458374023, -1.8095191478550987e-07]","[0.3780387043952942, 0.49749013781547546, -0.12388215214014053]","[0.43635934591293335, 0.4056852161884308, -0.26446548104286194]","[0.46622538566589355, 0.33754295110702515, -0.3841244876384735]","[0.480787456035614, 0.29569581151008606, -0.507420003414154]","[0.3799738883972168, 0.3106536269187927, -0.4315336048603058]","[0.36304834485054016, 0.2139938771724701, -0.6095346212387085]","[0.3939064145088196, 0.22041034698486328, -0.7065988779067993]","[0.41197580099105835, 0.2547014355659485, -0.768366813659668]","[0.33290910720825195, 0.4070894718170166, -0.4388999044895172]","[0.29296615719795227, 0.33626431226730347, -0.6309611797332764]","[0.3922445774078369, 0.38813164830207825, -0.6945214867591858]","[0.46695905923843384, 0.4487879276275635, -0.7430675625801086]","[0.3045572340488434, 0.5289977788925171, -0.4400663375854492]","[0.25777310132980347, 0.5024089813232422, -0.5955824255943298]","[0.3551531434059143, 0.5652710795402527, -0.6352767944335938]","[0.4372062385082245, 0.6225099563598633, -0.6603633165359497]","[0.2907603681087494, 0.6592585444450378, -0.44522523880004883]","[0.2733646333217621, 0.6727229356765747, -0.5522093772888184]","[0.3255119323730469, 0.7077050805091858, -0.588302731513977]","[0.3796164095401764, 0.7350597381591797, -0.6191927194595337]"
"[0.6357032060623169, 0.4628870487213135, -1.3708944379686727e-06]","[0.7549022436141968, 0.4617077708244324, -0.13068918883800507]","[0.807867169380188, 0.41494160890579224, -0.21074742078781128]","[0.7716959118843079, 0.4016619324684143, -0.273445188999176]","[0.7052128314971924, 0.40617668628692627, -0.3298851549625397]","[0.8253847360610962, 0.2880431115627289, -0.19716981053352356]","[0.7452236413955688, 0.2693634629249573, -0.31729382276535034]","[0.6471123099327087, 0.38729196786880493, -0.3640933334827423]","[0.6102913618087769, 0.4446801543235779, -0.3827253580093384]","[0.6974679231643677, 0.22514215111732483, -0.17459610104560852]","[0.6266525983810425, 0.17601820826530457, -0.3004392981529236]","[0.533260703086853, 0.34520280361175537, -0.31645071506500244]","[0.5116457939147949, 0.4292827248573303, -0.30775678157806396]","[0.561930239200592, 0.19706913828849792, -0.16583819687366486]","[0.4777792990207672, 0.1597399115562439, -0.29037198424339294]","[0.4113016724586487, 0.32170069217681885, -0.29460644721984863]","[0.4024254083633423, 0.4040743112564087, -0.2728394865989685]","[0.43019944429397583, 0.19511130452156067, -0.16481080651283264]","[0.3415021002292633, 0.18588021397590637, -0.25316745042800903]","[0.29861241579055786, 0.2860962152481079, -0.264009565114975]","[0.3088684380054474, 0.34888747334480286, -0.2553257942199707]"
"[0.4465849995613098, 0.7338783740997314, -1.023013396661554e-06]","[0.56621253490448, 0.6254723072052002, -0.056283432990312576]","[0.5877086520195007, 0.4079931378364563, -0.15678608417510986]","[0.6106722354888916, 0.24354979395866394, -0.25458014011383057]","[0.6303150653839111, 0.14691409468650818, -0.36418893933296204]","[0.47379258275032043, 0.40329504013061523, -0.25466594099998474]","[0.4661649465560913, 0.1808171272277832, -0.3449871838092804]","[0.4859882891178131, 0.15674757957458496, -0.3956841230392456]","[0.5054062008857727, 0.1772649884223938, -0.42778900265693665]","[0.3779131770133972, 0.46634453535079956, -0.2703920304775238]","[0.33838626742362976, 0.26710250973701477, -0.33794477581977844]","[0.3567180931568146, 0.23835307359695435, -0.35488858819007874]","[0.37209829688072205, 0.2813587486743927, -0.3803075850009918]","[0.29470619559288025, 0.5468842387199402, -0.2763763964176178]","[0.2436142861843109, 0.3746177852153778, -0.34620463848114014]","[0.2662595212459564, 0.3485226631164551, -0.35410094261169434]","[0.3005567789077759, 0.38922858238220215, -0.3635605573654175]","[0.2344735562801361, 0.6342414021492004, -0.2845059931278229]","[0.16768380999565125, 0.508444607257843, -0.3361701965332031]","[0.17178818583488464, 0.48599326610565186, -0.33245590329170227]","[0.1984008401632309, 0.500076949596405, -0.3322038948535919]"
"[0.3028518259525299, 0.6681822538375854, -6.313770768429094e-07]","[0.3766053020954132, 0.5316569209098816, -0.06743676215410233]","[0.39789053797721863, 0.37680375576019287, -0.15775883197784424]","[0.4248592257499695, 0.25787779688835144, -0.24215811491012573]","[0.4554573595523834, 0.1958758533000946, -0.3318561911582947]","[0.37403374910354614, 0.3248845338821411, -0.24480324983596802]","[0.3626236021518707, 0.21134671568870544, -0.3452826738357544]","[0.35965192317962646, 0.2156672477722168, -0.39927980303764343]","[0.3447282314300537, 0.2326505184173584, -0.42780962586402893]","[0.31891077756881714, 0.40412822365760803, -0.25134509801864624]","[0.32100701332092285, 0.33839380741119385, -0.32612717151641846]","[0.333711713552475, 0.34774214029312134, -0.3329060673713684]","[0.3183213174343109, 0.36933887004852295, -0.34582069516181946]","[0.26594042778015137, 0.5160043239593506, -0.25520527362823486]","[0.2787657678127289, 0.48052191734313965, -0.31851235032081604]","[0.3110032379627228, 0.4850907623767853, -0.3102400302886963]","[0.31547045707702637, 0.49906885623931885, -0.3053082525730133]","[0.212381973862648, 0.6388499140739441, -0.26428699493408203]","[0.21283969283103943, 0.6351584792137146, -0.3137582540512085]","[0.23510219156742096, 0.6463680267333984, -0.3094741702079773]","[0.2528175413608551, 0.6468259692192078, -0.30628082156181335]"
"[0.6082841157913208, 0.4951872229576111, 1.4486435020444333e-06]","[0.5180660486221313, 0.5346390604972839, -0.10412002354860306]","[0.4954100251197815, 0.4674810767173767, -0.22354695200920105]","[0.5365172624588013, 0.4616963267326355, -0.32467859983444214]","[0.5559133291244507, 0.48741742968559265, -0.42755234241485596]","[0.5996165871620178, 0.23359987139701843, -0.34608328342437744]","[0.5111393928527832, 0.23349955677986145, -0.48994797468185425]","[0.4401114583015442, 0.32535213232040405, -0.5630724430084229]","[0.3945876955986023, 0.39981427788734436, -0.6042447090148926]","[0.6898441910743713, 0.21240973472595215, -0.34178298711776733]","[0.5940927267074585, 0.2638621926307678, -0.48153576254844666]","[0.5136750936508179, 0.3769974708557129, -0.5140737295150757]","[0.47295939922332764, 0.4410972595214844, -0.544474720954895]","[0.7587013840675354, 0.2597755491733551, -0.3352636396884918]","[0.6964936852455139, 0.30395379662513733, -0.46742451190948486]","[0.6214542388916016, 0.4104975759983063, -0.4863947927951813]","[0.585233211517334, 0.4640130400657654, -0.49513959884643555]","[0.8128228187561035, 0.34476810693740845, -0.3329530954360962]","[0.8201701641082764, 0.39108097553253174, -0.4374407231807709]","[0.7819892168045044, 0.47234153747558594, -0.471890389919281]","[0.7603029608726501, 0.5216612815856934, -0.49958160519599915]"
"[0.5155263543128967, 0.6440685987472534, -1.1988657888650778e-06]","[0.6354167461395264, 0.533620297908783, -0.08684180676937103]","[0.6324270963668823, 0.3037986755371094, -0.18720512092113495]","[0.6207860708236694, 0.17111662030220032, -0.2744235694408417]","[0.6036679148674011, 0.13321492075920105, -0.36523982882499695]","[0.49642884731292725, 0.23930466175079346, -0.29485633969306946]","[0.44539356231689453, 0.055212944746017456, -0.4168440103530884]","[0.5066462755203247, 0.08897635340690613, -0.490993857383728]","[0.5789046883583069, 0.1592358648777008, -0.5371932983398438]","[0.37044429779052734, 0.32014089822769165, -0.29300740361213684]","[0.2866066098213196, 0.17210617661476135, -0.39832547307014465]","[0.37382107973098755, 0.23645544052124023, -0.42323288321495056]","[0.4613003730773926, 0.3258512616157532, -0.45005425810813904]","[0.2843671143054962, 0.4364164471626282, -0.2861611545085907]","[0.19860100746154785, 0.31560295820236206, -0.40374311804771423]","[0.28976717591285706, 0.3743055462837219, -0.41737112402915955]","[0.38638246059417725, 0.4433887004852295, -0.4173629581928253]","[0.24579787254333496, 0.5738555192947388, -0.2829397916793823]","[0.1674025058746338, 0.49115440249443054, -0.3917422890663147]","[0.21889165043830872, 0.5298070907592773, -0.41419824957847595]","[0.2828039526939392, 0.5653085708618164, -0.4214441180229187]"
"[0.3836342990398407, 0.6670449376106262, -6.465621709139668e-07]","[0.4863412380218506, 0.5533230304718018, -0.061095867305994034]","[0.5050019025802612, 0.38425320386886597, -0.15461914241313934]","[0.5208505392074585, 0.2359389364719391, -0.24738667905330658]","[0.5395103693008423, 0.14340177178382874, -0.34534645080566406]","[0.43307626247406006, 0.3297767639160156, -0.22165238857269287]","[0.3927077651023865, 0.18948706984519958, -0.31669434905052185]","[0.389781653881073, 0.18854615092277527, -0.36718395352363586]","[0.3788791000843048, 0.20614072680473328, -0.39282310009002686]","[0.35242509841918945, 0.3939661383628845, -0.23285000026226044]","[0.3441043496131897, 0.3037385642528534, -0.2995843291282654]","[0.3577052652835846, 0.29962050914764404, -0.2994895875453949]","[0.3325943648815155, 0.3273770213127136, -0.3057968020439148]","[0.27674341201782227, 0.49636226892471313, -0.24145492911338806]","[0.28160130977630615, 0.4433043599128723, -0.29932552576065063]","[0.3106920123100281, 0.4316849112510681, -0.27962565422058105]","[0.30730465054512024, 0.44503167271614075, -0.263971209526062]","[0.208182692527771, 0.6186048984527588, -0.2559063136577606]","[0.1882317066192627, 0.5978925228118896, -0.29364013671875]","[0.20970088243484497, 0.5947403907775879, -0.27232176065444946]","[0.2247341126203537, 0.5904739499092102, -0.2547447085380554]"
"[0.5326040983200073, 0.2888122498989105, -1.1110860214103013e-06]","[0.667024552822113, 0.3170238733291626, -0.12581533193588257]","[0.7738030552864075, 0.2812387943267822, -0.2072746604681015]","[0.7973062992095947, 0.24773995578289032, -0.2669319808483124]","[0.7719546556472778, 0.2086362987756729, -0.3256692588329315]","[0.735579252243042, 0.19179782271385193, -0.2491762936115265]","[0.7150830626487732, 0.24720631539821625, -0.36846792697906494]","[0.6550633311271667, 0.3545318841934204, -0.42010748386383057]","[0.6202876567840576, 0.42489755153656006, -0.44395458698272705]","[0.5887810587882996, 0.16390138864517212, -0.2305731624364853]","[0.5899420976638794, 0.14787229895591736, -0.3514137864112854]","[0.5377129912376404, 0.2765878438949585, -0.36476999521255493]","[0.5134986639022827, 0.3665071725845337, -0.36064887046813965]","[0.4583536386489868, 0.15918898582458496, -0.21813303232192993]","[0.4334116578102112, 0.17653557658195496, -0.32878369092941284]","[0.4110272526741028, 0.3070732653141022, -0.31244775652885437]","[0.41830891370773315, 0.3777713179588318, -0.2855873107910156]","[0.34561672806739807, 0.18264666199684143, -0.21274614334106445]","[0.30055758357048035, 0.23068702220916748, -0.2824889123439789]","[0.30422544479370117, 0.3271239995956421, -0.27073314785957336]","[0.33035776019096375, 0.36769747734069824, -0.25498780608177185]"
"[0.4597359299659729, 0.8300135135650635, 4.901231704934617e-07]","[0.6715962886810303, 0.7038726806640625, -0.0705188438296318]","[0.750444769859314, 0.45378485321998596, -0.09265642613172531]","[0.6823053956031799, 0.23433803021907806, -0.12159659713506699]","[0.6325961947441101, 0.0884217917919159, -0.13922983407974243]","[0.6966216564178467, 0.3196990489959717, 0.058288365602493286]","[0.7026360630989075, 0.14048662781715393, -0.039609842002391815]","[0.7325549721717834, 0.1490323543548584, -0.0946437418460846]","[0.7311292886734009, 0.21081389486789703, -0.1139196902513504]","[0.5494861602783203, 0.3132970631122589, 0.04865458607673645]","[0.5543818473815918, 0.13710302114486694, -0.06851477921009064]","[0.5672308206558228, 0.316671758890152, -0.10255240648984909]","[0.5871791839599609, 0.421919584274292, -0.08767467737197876]","[0.41360339522361755, 0.3455829620361328, 0.013529944233596325]","[0.41925936937332153, 0.21124984323978424, -0.12753413617610931]","[0.4503641426563263, 0.4065224826335907, -0.119182288646698]","[0.473446249961853, 0.4799915552139282, -0.06876713037490845]","[0.27622854709625244, 0.40166613459587097, -0.026588577777147293]","[0.30472713708877563, 0.2946345806121826, -0.12088670581579208]","[0.335053414106369, 0.43108275532722473, -0.10719061642885208]","[0.35524308681488037, 0.4898224174976349, -0.07143314182758331]"
"[0.301693320274353, 0.45145368576049805, -1.324282038694946e-06]","[0.4055956304073334, 0.4004325270652771, -0.09880899637937546]","[0.47291314601898193, 0.40720629692077637, -0.19417136907577515]","[0.5241562128067017, 0.4499129354953766, -0.2739661633968353]","[0.5448238253593445, 0.49938133358955383, -0.3495529592037201]","[0.3157549500465393, 0.31221431493759155, -0.2837121784687042]","[0.29303574562072754, 0.29498767852783203, -0.4085906445980072]","[0.40052419900894165, 0.3253541886806488, -0.4691471755504608]","[0.4812363386154175, 0.3638395071029663, -0.5016735196113586]","[0.2719554603099823, 0.3764093518257141, -0.28290608525276184]","[0.23875901103019714, 0.3876097798347473, -0.41239604353904724]","[0.3734644055366516, 0.4715166985988617, -0.44883596897125244]","[0.46308937668800354, 0.529496431350708, -0.4720037579536438]","[0.2510058283805847, 0.45917949080467224, -0.2837130129337311]","[0.22639130055904388, 0.4888491630554199, -0.4036370813846588]","[0.3544327914714813, 0.5722724199295044, -0.44070133566856384]","[0.4463505446910858, 0.6260539889335632, -0.4586954712867737]","[0.25197961926460266, 0.5424878597259521, -0.2861422002315521]","[0.24780741333961487, 0.598033607006073, -0.37736958265304565]","[0.30983686447143555, 0.6512861847877502, -0.4130241274833679]","[0.363067626953125, 0.6864510774612427, -0.43675458431243896]"
"[0.4930313229560852, 0.5986295342445374, -1.563764726597583e-06]","[0.5329976677894592, 0.4562148451805115, -0.09012222290039062]","[0.4734494090080261, 0.3092880845069885, -0.14672991633415222]","[0.39997023344039917, 0.19997581839561462, -0.20132602751255035]","[0.348119854927063, 0.1546473503112793, -0.243740051984787]","[0.3646049499511719, 0.34228086471557617, -0.062427036464214325]","[0.34151482582092285, 0.2575516700744629, -0.15973494946956635]","[0.4575355648994446, 0.2967497408390045, -0.20880421996116638]","[0.5075209140777588, 0.351393461227417, -0.23033985495567322]","[0.3124197721481323, 0.4487340748310089, -0.05520021915435791]","[0.28660115599632263, 0.3583742082118988, -0.14698374271392822]","[0.43031495809555054, 0.4081789255142212, -0.16643351316452026]","[0.4785456955432892, 0.46738526225090027, -0.1668235808610916]","[0.2645048201084137, 0.5640169382095337, -0.0649530366063118]","[0.23946303129196167, 0.4780805706977844, -0.16559362411499023]","[0.3814290165901184, 0.5192787051200867, -0.16754209995269775]","[0.441830575466156, 0.5778861045837402, -0.14929448068141937]","[0.2350229173898697, 0.6909687519073486, -0.08150294423103333]","[0.2234462946653366, 0.6187117099761963, -0.13868580758571625]","[0.3414297103881836, 0.6474946737289429, -0.13333067297935486]","[0.41126570105552673, 0.697206974029541, -0.11938228458166122]"
"[0.2812741696834564, 0.7069137096405029, 2.730721178068052e-07]","[0.5384185910224915, 0.7202407717704773, -0.07487178593873978]","[0.7270283699035645, 0.572133481502533, -0.09181207418441772]","[0.8014330267906189, 0.3650009334087372, -0.11592720448970795]","[0.8265807628631592, 0.2145526111125946, -0.12385822832584381]","[0.7763926982879639, 0.44211578369140625, 0.0867730900645256]","[0.8617056012153625, 0.2863127589225769, -0.014693930745124817]","[0.8460211753845215, 0.3160153925418854, -0.07266661524772644]","[0.8118607401847839, 0.3590013086795807, -0.0935051366686821]","[0.6525173187255859, 0.36412981152534485, 0.08083236962556839]","[0.7178583741188049, 0.21393153071403503, -0.04355211183428764]","[0.6294386982917786, 0.35732489824295044, -0.08686582744121552]","[0.621697723865509, 0.4415574371814728, -0.07749669253826141]","[0.5175805687904358, 0.32176363468170166, 0.04555939882993698]","[0.56063312292099, 0.20626723766326904, -0.11133203655481339]","[0.48290449380874634, 0.37553128600120544, -0.12288661301136017]","[0.49475157260894775, 0.44489380717277527, -0.08127561211585999]","[0.37859293818473816, 0.2928132712841034, 0.005413373000919819]","[0.4309193789958954, 0.22263813018798828, -0.1054166853427887]","[0.3784704804420471, 0.3381054699420929, -0.11101002246141434]","[0.38327401876449585, 0.4004104733467102, -0.08471233397722244]"
"[0.30935922265052795, 0.48419907689094543, -5.409995083027752e-07]","[0.42022600769996643, 0.37588852643966675, -0.1148022711277008]","[0.46331050992012024, 0.25617516040802, -0.21754461526870728]","[0.46439898014068604, 0.17404255270957947, -0.30139344930648804]","[0.43283164501190186, 0.11106961965560913, -0.3848029375076294]","[0.42061278223991394, 0.2645127773284912, -0.2995690107345581]","[0.44939178228378296, 0.2029198855161667, -0.4317520260810852]","[0.4863717555999756, 0.21509617567062378, -0.5000946521759033]","[0.5105220675468445, 0.24755221605300903, -0.5354573130607605]","[0.33369287848472595, 0.35350966453552246, -0.2866165041923523]","[0.3610354959964752, 0.2968769073486328, -0.41443243622779846]","[0.427094966173172, 0.3551444113254547, -0.44735559821128845]","[0.48144274950027466, 0.41565191745758057, -0.4680987298488617]","[0.2606310546398163, 0.45586922764778137, -0.2750627398490906]","[0.27160224318504333, 0.44052669405937195, -0.3966037631034851]","[0.34139561653137207, 0.4969524145126343, -0.42481470108032227]","[0.40287071466445923, 0.5478048324584961, -0.4341641366481781]","[0.21071021258831024, 0.5695704221725464, -0.2669828236103058]","[0.21805718541145325, 0.5905581712722778, -0.3581775724887848]","[0.27300724387168884, 0.6310402154922485, -0.3843754827976227]","[0.32574233412742615, 0.6640652418136597, -0.39815711975097656]"
"[0.49996721744537354, 0.18782944977283478, -9.87669636742794e-07]","[0.6211108565330505, 0.2772957682609558, -0.11514850705862045]","[0.698219895362854, 0.35888272523880005, -0.22465547919273376]","[0.728742241859436, 0.41340476274490356, -0.31299346685409546]","[0.725056529045105, 0.44194042682647705, -0.40439653396606445]","[0.7300840020179749, 0.2419491708278656, -0.3206917941570282]","[0.7274264693260193, 0.35204678773880005, -0.42157885432243347]","[0.677111804485321, 0.4427849054336548, -0.460848331451416]","[0.6328586935997009, 0.5184100866317749, -0.483355849981308]","[0.6283066868782043, 0.1993085891008377, -0.30854007601737976]","[0.5741495490074158, 0.357544869184494, -0.3932799696922302]","[0.5127957463264465, 0.4721309244632721, -0.40966907143592834]","[0.4727688431739807, 0.5528652667999268, -0.43399885296821594]","[0.5119584202766418, 0.18144099414348602, -0.2930755019187927]","[0.45293304324150085, 0.3328402042388916, -0.36729317903518677]","[0.3965698182582855, 0.4450662434101105, -0.3743441700935364]","[0.3572380542755127, 0.523140549659729, -0.38736820220947266]","[0.3962860703468323, 0.18239164352416992, -0.28391262888908386]","[0.3544948697090149, 0.2956272065639496, -0.345335453748703]","[0.32504212856292725, 0.3855675160884857, -0.3538210690021515]","[0.3047610819339752, 0.45166444778442383, -0.36467939615249634]"
"[0.3020073175430298, 0.523905336856842, 1.3466500377035118e-06]","[0.27318981289863586, 0.43529751896858215, -0.06396222114562988]","[0.2970828711986542, 0.3272113502025604, -0.13681483268737793]","[0.29487133026123047, 0.23805105686187744, -0.20156259834766388]","[0.27634215354919434, 0.14653414487838745, -0.2701414227485657]","[0.49840378761291504, 0.37709054350852966, -0.2070205807685852]","[0.5115923881530762, 0.28539735078811646, -0.29627370834350586]","[0.4091261625289917, 0.24273890256881714, -0.3465726971626282]","[0.3283613920211792, 0.2047659158706665, -0.37670689821243286]","[0.49663394689559937, 0.4870764911174774, -0.2051524668931961]","[0.5115980505943298, 0.421633780002594, -0.28286466002464294]","[0.4007887840270996, 0.37360188364982605, -0.30314669013023376]","[0.31979602575302124, 0.33841240406036377, -0.3266637325286865]","[0.4546191692352295, 0.5897945165634155, -0.20258298516273499]","[0.45974957942962646, 0.5580862164497375, -0.2810705304145813]","[0.3590643107891083, 0.5067389011383057, -0.2961181104183197]","[0.29492291808128357, 0.46705982089042664, -0.3043169677257538]","[0.3910446763038635, 0.6794310808181763, -0.2039882242679596]","[0.360115110874176, 0.6564445495605469, -0.263473242521286]","[0.3016297221183777, 0.6154009103775024, -0.27550145983695984]","[0.2630608379840851, 0.5812910795211792, -0.2860393226146698]"
"[0.4540562331676483, 0.8279018998146057, 5.602085479949892e-07]","[0.6708822250366211, 0.6981950998306274, -0.07650970667600632]","[0.7444303035736084, 0.45002222061157227, -0.10042016953229904]","[0.6821248531341553, 0.23194481432437897, -0.13159455358982086]","[0.6331499218940735, 0.0867559015750885, -0.14949236810207367]","[0.6946600079536438, 0.3154546022415161, 0.06622012704610825]","[0.6926133036613464, 0.13087818026542664, -0.039114221930503845]","[0.7247915267944336, 0.1412389576435089, -0.09750363230705261]","[0.7225305438041687, 0.21054653823375702, -0.11560814082622528]","[0.5490332841873169, 0.3110058903694153, 0.05949469283223152]","[0.5496147871017456, 0.13531091809272766, -0.06694197654724121]","[0.5600268840789795, 0.316110223531723, -0.10254494845867157]","[0.582419753074646, 0.41944029927253723, -0.0840340331196785]","[0.41488775610923767, 0.3443385660648346, 0.024891380220651627]","[0.41612952947616577, 0.2121189385652542, -0.12568175792694092]","[0.4461660385131836, 0.4081060290336609, -0.11852665990591049]","[0.47289979457855225, 0.4815075993537903, -0.06406771391630173]","[0.27824893593788147, 0.3982590138912201, -0.01537695899605751]","[0.30197691917419434, 0.29497164487838745, -0.1162351667881012]","[0.33151325583457947, 0.4314107596874237, -0.10491178929805756]","[0.3557628393173218, 0.49152663350105286, -0.0674164667725563]"
"[0.2589273154735565, 0.48477500677108765, -1.6614289677363558e-07]","[0.2464691698551178, 0.595164954662323, -0.052022721618413925]","[0.23164650797843933, 0.6404293179512024, -0.09524816274642944]","[0.24727633595466614, 0.6235597133636475, -0.13659065961837769]","[0.28334861993789673, 0.5778419375419617, -0.18528273701667786]","[0.23459523916244507, 0.4533311426639557, -0.11354158818721771]","[0.2826186418533325, 0.4562450051307678, -0.16841712594032288]","[0.3287445306777954, 0.4934428632259369, -0.20738230645656586]","[0.32877346873283386, 0.5207911729812622, -0.23179246485233307]","[0.25531005859375, 0.3455784320831299, -0.12049896270036697]","[0.38794100284576416, 0.38027122616767883, -0.17300595343112946]","[0.4122765064239502, 0.43927398324012756, -0.19453111290931702]","[0.3826594054698944, 0.4796648919582367, -0.21231214702129364]","[0.2829301357269287, 0.2777101695537567, -0.12774433195590973]","[0.4262743592262268, 0.3329957127571106, -0.18033576011657715]","[0.43860185146331787, 0.38863134384155273, -0.17804983258247375]","[0.3963692784309387, 0.42269033193588257, -0.1715208739042282]","[0.30478113889694214, 0.24806973338127136, -0.13974684476852417]","[0.41999757289886475, 0.2796688675880432, -0.1763806790113449]","[0.4365094304084778, 0.31934982538223267, -0.1622525155544281]","[0.4147207736968994, 0.3311633765697479, -0.14813414216041565]"
"[0.40750107169151306, 0.5369587540626526, 6.971271204747609e-07]","[0.513103187084198, 0.48940783739089966, -0.10349303483963013]","[0.5546279549598694, 0.3453192710876465, -0.22772006690502167]","[0.5813998579978943, 0.2775380611419678, -0.33216211199760437]","[0.5995785593986511, 0.3031679391860962, -0.4394080340862274]","[0.4113805890083313, 0.16561764478683472, -0.36117610335350037]","[0.3938336670398712, 0.08774876594543457, -0.49447256326675415]","[0.4653225839138031, 0.1930130124092102, -0.562681257724762]","[0.522394061088562, 0.29322564601898193, -0.6044427752494812]","[0.282423198223114, 0.2109992802143097, -0.3659403622150421]","[0.2521754503250122, 0.19575238227844238, -0.5054096579551697]","[0.3514289855957031, 0.33863604068756104, -0.5434942245483398]","[0.43565598130226135, 0.44251665472984314, -0.5754436254501343]","[0.1944587379693985, 0.3091011941432953, -0.36451974511146545]","[0.16784046590328217, 0.3188636302947998, -0.4983099400997162]","[0.2787158787250519, 0.46153637766838074, -0.5216426849365234]","[0.372292697429657, 0.5521612167358398, -0.5282087326049805]","[0.13803730905056, 0.4370790719985962, -0.3672024607658386]","[0.1262303739786148, 0.4551272392272949, -0.47148218750953674]","[0.222990021109581, 0.5423969030380249, -0.4973958730697632]","[0.315591424703598, 0.5998858213424683, -0.5127363801002502]"
"[0.3845489025115967, 0.7417632937431335, -3.0010596674401313e-07]","[0.584498405456543, 0.6924575567245483, -0.026156237348914146]","[0.7378554940223694, 0.5354328751564026, -0.02300575003027916]","[0.75372713804245, 0.36717408895492554, -0.024895234033465385]","[0.6884022951126099, 0.2552463710308075, -0.024217767640948296]","[0.7152334451675415, 0.41446948051452637, 0.03331281989812851]","[0.7506645321846008, 0.24958691000938416, -0.004399721976369619]","[0.7158979773521423, 0.29225555062294006, -0.033661749213933945]","[0.6807785034179688, 0.38017281889915466, -0.047292303293943405]","[0.6519783735275269, 0.3825109004974365, 0.02993066981434822]","[0.6866651177406311, 0.23940089344978333, -0.010854875668883324]","[0.6515315771102905, 0.32269972562789917, -0.04050290212035179]","[0.6249117851257324, 0.42222943902015686, -0.049817413091659546]","[0.5936566591262817, 0.37507981061935425, 0.01783492974936962]","[0.6119675636291504, 0.23659268021583557, -0.02543807029724121]","[0.5811524391174316, 0.34107735753059387, -0.03265054151415825]","[0.5611779689788818, 0.43914878368377686, -0.02610112726688385]","[0.5324770212173462, 0.386390745639801, 0.003862620797008276]","[0.5492028594017029, 0.2639963626861572, -0.030798641964793205]","[0.5358270406723022, 0.3400781452655792, -0.024152589961886406]","[0.5238823890686035, 0.4241599142551422, -0.00793113186955452]"
"[0.6155650019645691, 0.7480883002281189, 1.8207452967544668e-07]","[0.7133356332778931, 0.5319715142250061, -0.05746570602059364]","[0.6403348445892334, 0.302638441324234, -0.07760109007358551]","[0.47486525774002075, 0.17021681368350983, -0.10604721307754517]","[0.3502456545829773, 0.09844960272312164, -0.1271226406097412]","[0.5437585115432739, 0.22333072125911713, 0.033957090228796005]","[0.42116737365722656, 0.07970133423805237, -0.05989675968885422]","[0.43656185269355774, 0.08105383813381195, -0.11567497998476028]","[0.4747611880302429, 0.14316925406455994, -0.13903796672821045]","[0.43383750319480896, 0.31029972434043884, 0.018659040331840515]","[0.30689650774002075, 0.18716277182102203, -0.09027013182640076]","[0.40754008293151855, 0.3073558509349823, -0.12410064786672592]","[0.49962034821510315, 0.3780522346496582, -0.11711778491735458]","[0.3499501049518585, 0.42641085386276245, -0.017917418852448463]","[0.25451239943504333, 0.33178165555000305, -0.15385986864566803]","[0.3793776035308838, 0.45242398977279663, -0.15741010010242462]","[0.46030911803245544, 0.4959014058113098, -0.12103858590126038]","[0.27557629346847534, 0.5601259469985962, -0.05744234472513199]","[0.22163137793540955, 0.472828209400177, -0.15636079013347626]","[0.31401875615119934, 0.5446130633354187, -0.15638062357902527]","[0.3828377425670624, 0.5745772123336792, -0.13280367851257324]"
"[0.37483590841293335, 0.76435786485672, 7.293329531421477e-07]","[0.5989457368850708, 0.7153684496879578, -0.08011867851018906]","[0.7518326044082642, 0.5256955027580261, -0.10742603242397308]","[0.7546650171279907, 0.314266562461853, -0.13823027908802032]","[0.7497644424438477, 0.16387739777565002, -0.15963444113731384]","[0.7413522005081177, 0.39602285623550415, 0.03196888044476509]","[0.7909113168716431, 0.2293245643377304, -0.08580595999956131]","[0.8293102979660034, 0.2383882850408554, -0.16165615618228912]","[0.8280600905418396, 0.2938856780529022, -0.19405922293663025]","[0.6104352474212646, 0.331911563873291, 0.024751737713813782]","[0.6744279265403748, 0.18245315551757812, -0.12027891725301743]","[0.6248399615287781, 0.34654343128204346, -0.1753271073102951]","[0.5934708714485168, 0.4586485028266907, -0.16943345963954926]","[0.474149227142334, 0.31875890493392944, -0.006073008757084608]","[0.5224265456199646, 0.2014780044555664, -0.164630725979805]","[0.4816409945487976, 0.38753923773765564, -0.1638239324092865]","[0.46716704964637756, 0.4706151485443115, -0.11288046091794968]","[0.32767996191978455, 0.32894986867904663, -0.04218722879886627]","[0.38769590854644775, 0.25185418128967285, -0.14782719314098358]","[0.3741491138935089, 0.38390880823135376, -0.1368808150291443]","[0.3702264428138733, 0.4513383209705353, -0.09884759783744812]"
"[0.5401718616485596, 0.8112958669662476, 4.1422961771786504e-07]","[0.7126942873001099, 0.6131445169448853, -0.06721720844507217]","[0.7252561450004578, 0.366484135389328, -0.08552492409944534]","[0.6037462949752808, 0.1887688934803009, -0.10979153960943222]","[0.4934691786766052, 0.09328421950340271, -0.12251397967338562]","[0.6248478293418884, 0.25216028094291687, 0.05532081052660942]","[0.5736361742019653, 0.08180522918701172, -0.034618135541677475]","[0.5877249240875244, 0.07629919052124023, -0.08908331394195557]","[0.5957275629043579, 0.13709242641925812, -0.11038533598184586]","[0.488992303609848, 0.2940010130405426, 0.04493528604507446]","[0.4263821244239807, 0.13843107223510742, -0.06032603979110718]","[0.4868949055671692, 0.2909804880619049, -0.09457866102457047]","[0.5516385436058044, 0.38473451137542725, -0.08593171834945679]","[0.3728918135166168, 0.3725024461746216, 0.010652869939804077]","[0.32853439450263977, 0.2610166370868683, -0.12038030475378036]","[0.4084916114807129, 0.4170881509780884, -0.12148928642272949]","[0.46951955556869507, 0.47523534297943115, -0.08257988840341568]","[0.26299503445625305, 0.47365498542785645, -0.028559796512126923]","[0.24382635951042175, 0.37292197346687317, -0.11618001759052277]","[0.30996277928352356, 0.47577059268951416, -0.10874617844820023]","[0.3601364195346832, 0.5248106122016907, -0.08081359416246414]"
"[0.5568442940711975, 0.7645968198776245, 2.036999724452926e-08]","[0.7031733393669128, 0.5660247802734375, -0.03142479434609413]","[0.6925152540206909, 0.3224834203720093, -0.04010754078626633]","[0.5508381128311157, 0.15667623281478882, -0.05992792174220085]","[0.4332898259162903, 0.06610596179962158, -0.07555108517408371]","[0.5895125269889832, 0.21594351530075073, 0.04029281809926033]","[0.4952451288700104, 0.05133363604545593, -0.04705742374062538]","[0.5274465084075928, 0.07436953485012054, -0.10548771917819977]","[0.5541909337043762, 0.14997583627700806, -0.13363797962665558]","[0.46423646807670593, 0.28032243251800537, 0.012047240510582924]","[0.3693375587463379, 0.11701102554798126, -0.09782269597053528]","[0.4672524333000183, 0.2603575587272644, -0.14496426284313202]","[0.5336864590644836, 0.3727855384349823, -0.15048012137413025]","[0.3562051057815552, 0.37191537022590637, -0.031265102326869965]","[0.2897769510746002, 0.23472940921783447, -0.15934652090072632]","[0.4013335406780243, 0.38501349091529846, -0.16501154005527496]","[0.4568978548049927, 0.4653376340866089, -0.1344456523656845]","[0.24500048160552979, 0.4846234917640686, -0.07517188787460327]","[0.2244890034198761, 0.3723893463611603, -0.1688695251941681]","[0.30796048045158386, 0.47171273827552795, -0.16461515426635742]","[0.3527073860168457, 0.5298575162887573, -0.14028595387935638]"
"[0.614033579826355, 0.39823299646377563, -1.0963433396682376e-06]","[0.7603864669799805, 0.43001431226730347, -0.15106500685214996]","[0.8255270719528198, 0.432334303855896, -0.25633007287979126]","[0.8012478947639465, 0.4516407549381256, -0.3413880467414856]","[0.730757474899292, 0.46240371465682983, -0.4199354946613312]","[0.8196737766265869, 0.32255661487579346, -0.25288519263267517]","[0.7764238119125366, 0.3303082585334778, -0.3896666169166565]","[0.6813238859176636, 0.42772409319877625, -0.4546498656272888]","[0.6389879584312439, 0.4798945188522339, -0.48549339175224304]","[0.6884322762489319, 0.25695323944091797, -0.2266385555267334]","[0.6509698629379272, 0.22600877285003662, -0.3572736978530884]","[0.5616627931594849, 0.36651790142059326, -0.3791356086730957]","[0.5458329319953918, 0.4450676441192627, -0.3819039463996887]","[0.549532949924469, 0.21993093192577362, -0.21372349560260773]","[0.5109021663665771, 0.1725093126296997, -0.34388381242752075]","[0.4461473226547241, 0.3107266426086426, -0.35142412781715393]","[0.4419722259044647, 0.3941618502140045, -0.33631008863449097]","[0.41702044010162354, 0.20468708872795105, -0.2103576511144638]","[0.3758121430873871, 0.1615322083234787, -0.3031487464904785]","[0.33906620740890503, 0.2447136640548706, -0.3149130344390869]","[0.3505356013774872, 0.3178013563156128, -0.31121715903282166]"
"[0.25617825984954834, 0.5668587684631348, -4.626650138561672e-07]","[0.3906024396419525, 0.4761044979095459, -0.12221544235944748]","[0.4973696172237396, 0.38286924362182617, -0.2587531805038452]","[0.5828853249549866, 0.32482531666755676, -0.37360426783561707]","[0.649895191192627, 0.3102501630783081, -0.4889523386955261]","[0.4193996787071228, 0.2544819116592407, -0.4148362874984741]","[0.4501863718032837, 0.1600114405155182, -0.5806138515472412]","[0.5261918306350708, 0.20108234882354736, -0.6622925996780396]","[0.5613093376159668, 0.25132206082344055, -0.7106090188026428]","[0.34502941370010376, 0.3588830530643463, -0.416788786649704]","[0.3130805790424347, 0.2800130844116211, -0.5882362127304077]","[0.42914530634880066, 0.38462013006210327, -0.619828462600708]","[0.5019485354423523, 0.45941776037216187, -0.6413168907165527]","[0.2954901158809662, 0.4918935298919678, -0.41425129771232605]","[0.2536301016807556, 0.4563358724117279, -0.5573749542236328]","[0.3544246256351471, 0.5580411553382874, -0.5641282200813293]","[0.4150853753089905, 0.6258156895637512, -0.5606812834739685]","[0.26105740666389465, 0.6359836459159851, -0.4171147048473358]","[0.25039681792259216, 0.6387292742729187, -0.5214611291885376]","[0.29842785000801086, 0.6923513412475586, -0.5384727120399475]","[0.33506906032562256, 0.7181767225265503, -0.5474696755409241]"
"[0.5346540212631226, 0.3881310224533081, -1.1513886875036405e-06]","[0.6837316751480103, 0.4027691185474396, -0.10911283642053604]","[0.7686191201210022, 0.36169326305389404, -0.17893628776073456]","[0.7855511903762817, 0.33790522813796997, -0.24036306142807007]","[0.7434099316596985, 0.33148133754730225, -0.2933325469493866]","[0.7429088950157166, 0.25854620337486267, -0.15162736177444458]","[0.7531814575195312, 0.20724575221538544, -0.251054584980011]","[0.6923404932022095, 0.30012214183807373, -0.2959796190261841]","[0.6616955995559692, 0.3685651123523712, -0.31537577509880066]","[0.6000104546546936, 0.22487935423851013, -0.13867661356925964]","[0.6122677326202393, 0.15927137434482574, -0.23495733737945557]","[0.5638971924781799, 0.2989658713340759, -0.2508693039417267]","[0.5656110048294067, 0.38939377665519714, -0.2513043284416199]","[0.46294355392456055, 0.2195834219455719, -0.1392098069190979]","[0.46230947971343994, 0.15239909291267395, -0.24500645697116852]","[0.42804840207099915, 0.29699474573135376, -0.2589966356754303]","[0.43550556898117065, 0.394094318151474, -0.24982935190200806]","[0.3370494842529297, 0.23593951761722565, -0.14692609012126923]","[0.32435160875320435, 0.1689443290233612, -0.22648416459560394]","[0.2946569621562958, 0.2536700963973999, -0.2427617758512497]","[0.3014594316482544, 0.3343673348426819, -0.24303823709487915]"
"[0.4961351752281189, 0.8022966384887695, 1.920668353250221e-07]","[0.6814743876457214, 0.5907086133956909, -0.0344344787299633]","[0.7032826542854309, 0.34840235114097595, -0.042470771819353104]","[0.5975509285926819, 0.1790754795074463, -0.06348218023777008]","[0.4822198152542114, 0.10221065580844879, -0.08127355575561523]","[0.6290322542190552, 0.2474961131811142, 0.05359889194369316]","[0.5893823504447937, 0.07052344083786011, -0.029825545847415924]","[0.5919640064239502, 0.07522164285182953, -0.09316647052764893]","[0.5955284237861633, 0.15039101243019104, -0.1246476024389267]","[0.49469098448753357, 0.27914223074913025, 0.025169817730784416]","[0.41338884830474854, 0.06694336235523224, -0.07739086449146271]","[0.46865183115005493, 0.1596747636795044, -0.13537561893463135]","[0.525055468082428, 0.2815690040588379, -0.14970922470092773]","[0.37203800678253174, 0.34770825505256653, -0.019834989681839943]","[0.3139451742172241, 0.19238069653511047, -0.1371111124753952]","[0.3979048728942871, 0.32297056913375854, -0.1668255776166916]","[0.4652588367462158, 0.43239930272102356, -0.15345299243927002]","[0.25634604692459106, 0.4456092119216919, -0.06689836829900742]","[0.22918328642845154, 0.3160768747329712, -0.14771433174610138]","[0.2938299775123596, 0.39484724402427673, -0.15827612578868866]","[0.3532264232635498, 0.47417616844177246, -0.14708593487739563]"
"[0.12885528802871704, 0.556463360786438, -1.1821590817362448e-07]","[0.13512545824050903, 0.540438175201416, -0.0054853251203894615]","[0.1379363089799881, 0.5264020562171936, -0.01200047880411148]","[0.13887986540794373, 0.5197498798370361, -0.019219432026147842]","[0.13934941589832306, 0.5168637037277222, -0.02623729407787323]","[0.11099296063184738, 0.5063095688819885, -0.008004572242498398]","[0.1264636367559433, 0.5113131403923035, -0.019367482513189316]","[0.1415812224149704, 0.520465075969696, -0.02819734252989292]","[0.15264327824115753, 0.5270457863807678, -0.032719165086746216]","[0.10280365496873856, 0.5167946219444275, -0.010151136666536331]","[0.1220337301492691, 0.5208370089530945, -0.02084103785455227]","[0.13887466490268707, 0.5279892086982727, -0.026230918243527412]","[0.15127311646938324, 0.5340331792831421, -0.028212416917085648]","[0.0978676974773407, 0.5304200053215027, -0.013104578480124474]","[0.11448893696069717, 0.5335360765457153, -0.022493239492177963]","[0.13141709566116333, 0.5368106961250305, -0.023485738784074783]","[0.1441161185503006, 0.5403251051902771, -0.021808426827192307]","[0.09665196388959885, 0.5455651879310608, -0.01657954789698124]","[0.10735269635915756, 0.5432451367378235, -0.02164066582918167]","[0.11864521354436874, 0.5430015921592712, -0.020053688436746597]","[0.12757472693920135, 0.544069766998291, -0.017129970714449883]"
"[0.27415990829467773, 0.5252233743667603, -1.7212968259627814e-06]","[0.2875089645385742, 0.41588637232780457, -0.0669574961066246]","[0.29764702916145325, 0.29478323459625244, -0.1360316425561905]","[0.32752832770347595, 0.25493162870407104, -0.20329415798187256]","[0.34445586800575256, 0.27700671553611755, -0.2690604031085968]","[0.1903243064880371, 0.33147865533828735, -0.13054032623767853]","[0.2897319495677948, 0.2715592384338379, -0.21077346801757812]","[0.4107625484466553, 0.2763490378856659, -0.25488170981407166]","[0.3931092619895935, 0.3037525415420532, -0.28688448667526245]","[0.15506844222545624, 0.41012313961982727, -0.14273060858249664]","[0.26029932498931885, 0.428804874420166, -0.21657921373844147]","[0.4152826964855194, 0.42243966460227966, -0.22407862544059753]","[0.4033544957637787, 0.409542441368103, -0.23050186038017273]","[0.1569586545228958, 0.5102840662002563, -0.16062161326408386]","[0.2603314518928528, 0.5456817150115967, -0.2353661060333252]","[0.40712374448776245, 0.5279390811920166, -0.2112646996974945]","[0.4021560549736023, 0.4961148798465729, -0.19098876416683197]","[0.18302389979362488, 0.6239935159683228, -0.18508735299110413]","[0.3174063563346863, 0.6782119870185852, -0.22600479423999786]","[0.4267258644104004, 0.6680662035942078, -0.2016962170600891]","[0.43599992990493774, 0.6194308400154114, -0.18277831375598907]"
"[0.40930601954460144, 0.8113732933998108, 4.0055107319858507e-07]","[0.622401773929596, 0.7179914712905884, -0.07880771160125732]","[0.7450453042984009, 0.49626269936561584, -0.10193489491939545]","[0.7231681942939758, 0.2790569067001343, -0.12965178489685059]","[0.6965838670730591, 0.13131478428840637, -0.1447419375181198]","[0.725242555141449, 0.3401496112346649, 0.058414679020643234]","[0.7570619583129883, 0.16583943367004395, -0.043570056557655334]","[0.7819327116012573, 0.17699453234672546, -0.10096640884876251]","[0.7661665081977844, 0.24568314850330353, -0.11889436095952988]","[0.5836998820304871, 0.3164309561252594, 0.05343670770525932]","[0.6119343638420105, 0.14840814471244812, -0.06910344213247299]","[0.5934628844261169, 0.3240415155887604, -0.10624605417251587]","[0.5939183831214905, 0.4293539226055145, -0.09034669399261475]","[0.44385382533073425, 0.33028990030288696, 0.02170528843998909]","[0.46293267607688904, 0.21544377505779266, -0.1284366399049759]","[0.4613851010799408, 0.40368133783340454, -0.12781688570976257]","[0.47247859835624695, 0.47320830821990967, -0.07893528044223785]","[0.2976294159889221, 0.3648991882801056, -0.014851362444460392]","[0.33636990189552307, 0.2744518518447876, -0.11640094220638275]","[0.34662729501724243, 0.4130573272705078, -0.10736538469791412]","[0.35916924476623535, 0.4721340537071228, -0.07218292355537415]"
"[0.1880435049533844, 0.6163104176521301, -1.1082493074354716e-06]","[0.437075138092041, 0.6939330101013184, -0.07688412815332413]","[0.6936942934989929, 0.6494051218032837, -0.11657708883285522]","[0.8342190384864807, 0.49819427728652954, -0.1503279209136963]","[0.8793081641197205, 0.34794944524765015, -0.18889613449573517]","[0.7028698921203613, 0.7258790135383606, -0.06504024565219879]","[0.8234308362007141, 0.4763268828392029, -0.1451953947544098]","[0.8651455044746399, 0.3498302102088928, -0.21013839542865753]","[0.8971143364906311, 0.28236106038093567, -0.24803906679153442]","[0.5906987190246582, 0.6679558753967285, -0.06800425797700882]","[0.6548539996147156, 0.4068855345249176, -0.14540666341781616]","[0.721956729888916, 0.2550939917564392, -0.20698554813861847]","[0.7895581126213074, 0.16307395696640015, -0.24596603214740753]","[0.47156089544296265, 0.5996460318565369, -0.07954703271389008]","[0.5156171917915344, 0.3517516553401947, -0.16011475026607513]","[0.5673211812973022, 0.22265547513961792, -0.19706235826015472]","[0.6268930435180664, 0.15897846221923828, -0.2108915150165558]","[0.3606153130531311, 0.5165242552757263, -0.09694886207580566]","[0.3876418173313141, 0.32351797819137573, -0.15860199928283691]","[0.42038190364837646, 0.23507946729660034, -0.16498854756355286]","[0.4573698043823242, 0.1905110478401184, -0.15737803280353546]"
"[0.42185017466545105, 0.2329336702823639, -7.372431696239801e-07]","[0.5574010610580444, 0.3527446389198303, -0.14228947460651398]","[0.6552624702453613, 0.4461289644241333, -0.28347787261009216]","[0.7187554836273193, 0.5097485184669495, -0.39836958050727844]","[0.7309759259223938, 0.5433645248413086, -0.5148793458938599]","[0.7366893291473389, 0.34474483132362366, -0.4282474219799042]","[0.805357813835144, 0.35905876755714417, -0.5855314135551453]","[0.7720431089401245, 0.44319307804107666, -0.6636486053466797]","[0.723686695098877, 0.491158664226532, -0.7132185101509094]","[0.6160507202148438, 0.29700422286987305, -0.41906049847602844]","[0.6595139503479004, 0.2903943359851837, -0.5791959762573242]","[0.5888881087303162, 0.4226766526699066, -0.6179513335227966]","[0.5370621085166931, 0.5047400593757629, -0.6514877676963806]","[0.471554696559906, 0.2717300057411194, -0.406607985496521]","[0.486446350812912, 0.2745092511177063, -0.5407202243804932]","[0.42159658670425415, 0.3856605291366577, -0.565861701965332]","[0.3822886049747467, 0.45354822278022766, -0.58443284034729]","[0.3261479437351227, 0.26524001359939575, -0.4005511403083801]","[0.3009350299835205, 0.3039643168449402, -0.4998123347759247]","[0.27361688017845154, 0.3698476552963257, -0.5284798741340637]","[0.268381267786026, 0.41079938411712646, -0.5536478161811829]"
"[0.39264243841171265, 0.8056530356407166, 7.165841680034646e-07]","[0.6377328634262085, 0.7133578062057495, -0.07487170398235321]","[0.7547315359115601, 0.4931785762310028, -0.08985982090234756]","[0.7252094149589539, 0.270467072725296, -0.11081643402576447]","[0.6912573575973511, 0.11792328953742981, -0.12044500559568405]","[0.7259780168533325, 0.3474782705307007, 0.09503059089183807]","[0.7471354007720947, 0.17343243956565857, -0.001449862727895379]","[0.7883812189102173, 0.1848389208316803, -0.07169409096240997]","[0.7839444279670715, 0.24930523335933685, -0.10172425210475922]","[0.5818521976470947, 0.3162487745285034, 0.09126847237348557]","[0.6202803254127502, 0.14520663022994995, -0.0384843610227108]","[0.6080026626586914, 0.31200456619262695, -0.1023973897099495]","[0.59251868724823, 0.4250114858150482, -0.10239630937576294]","[0.44283327460289, 0.32782405614852905, 0.06041393429040909]","[0.47717198729515076, 0.21017375588417053, -0.09204172343015671]","[0.47583338618278503, 0.39718517661094666, -0.11310607194900513]","[0.474338173866272, 0.46731844544410706, -0.0754895955324173]","[0.298124760389328, 0.3557907044887543, 0.025012675672769547]","[0.35528576374053955, 0.2686268091201782, -0.07967647910118103]","[0.3601571023464203, 0.4004397988319397, -0.08364293724298477]","[0.36678045988082886, 0.46172836422920227, -0.05656520649790764]"
"[0.3710049092769623, 0.5261282324790955, 3.140138176149776e-07]","[0.4634190797805786, 0.520479679107666, -0.10189370065927505]","[0.5985244512557983, 0.45419859886169434, -0.1776636689901352]","[0.6819932460784912, 0.4000411927700043, -0.24533578753471375]","[0.7171069383621216, 0.3535827398300171, -0.30806881189346313]","[0.6303815841674805, 0.26051047444343567, -0.1477886140346527]","[0.714917778968811, 0.1657905876636505, -0.28865188360214233]","[0.7409562468528748, 0.18383872509002686, -0.3715299665927887]","[0.7381769418716431, 0.22708925604820251, -0.41412651538848877]","[0.5023189783096313, 0.23571600019931793, -0.14899902045726776]","[0.5835952162742615, 0.19012272357940674, -0.32063212990760803]","[0.591852068901062, 0.34845441579818726, -0.3691701292991638]","[0.5686099529266357, 0.4611164927482605, -0.36797845363616943]","[0.37805575132369995, 0.2602313458919525, -0.1627432107925415]","[0.43456965684890747, 0.2949599027633667, -0.3087172210216522]","[0.44261670112609863, 0.4499596357345581, -0.29204896092414856]","[0.4190441071987152, 0.5287600159645081, -0.24878931045532227]","[0.25826841592788696, 0.3207700550556183, -0.18435491621494293]","[0.3089565634727478, 0.41773995757102966, -0.28819844126701355]","[0.32529574632644653, 0.5340598821640015, -0.28345948457717896]","[0.31550922989845276, 0.5696994066238403, -0.2576137185096741]"
"[0.26580914855003357, 0.5973249673843384, -1.700129814707907e-07]","[0.362870991230011, 0.4880286753177643, -0.14464479684829712]","[0.42724043130874634, 0.39396971464157104, -0.303414523601532]","[0.4524552524089813, 0.31897419691085815, -0.43313345313072205]","[0.46551215648651123, 0.2836322486400604, -0.5637786388397217]","[0.3621785044670105, 0.29868292808532715, -0.5027765035629272]","[0.3821282982826233, 0.2283100187778473, -0.7022005915641785]","[0.4412355124950409, 0.2559692859649658, -0.8004555702209473]","[0.4687054455280304, 0.2952958643436432, -0.8596566915512085]","[0.3137364089488983, 0.4042200446128845, -0.5036016702651978]","[0.3227974474430084, 0.35571861267089844, -0.7243066430091858]","[0.42734378576278687, 0.4140699505805969, -0.7905691266059875]","[0.4766521155834198, 0.4626915752887726, -0.8362479209899902]","[0.2898523807525635, 0.5347479581832886, -0.49585530161857605]","[0.29899734258651733, 0.5280250310897827, -0.6740643978118896]","[0.389229953289032, 0.5900416970252991, -0.708023190498352]","[0.4390887916088104, 0.6229934096336365, -0.72337806224823]","[0.2822355329990387, 0.6735411882400513, -0.4926638603210449]","[0.30977147817611694, 0.6974783539772034, -0.6215361952781677]","[0.36050945520401, 0.7267247438430786, -0.6614350080490112]","[0.3931426405906677, 0.7334487438201904, -0.6884974241256714]"
"[0.34735554456710815, 0.2946363091468811, -6.994991963438224e-08]","[0.46684181690216064, 0.38415899872779846, -0.12128108739852905]","[0.5938575267791748, 0.4293632507324219, -0.2699521481990814]","[0.6926736831665039, 0.44631606340408325, -0.3973071873188019]","[0.7510254383087158, 0.4543379843235016, -0.5262489318847656]","[0.6722369194030762, 0.39234039187431335, -0.4580191671848297]","[0.776247501373291, 0.37162381410598755, -0.6554458737373352]","[0.7600468397140503, 0.40337419509887695, -0.759712278842926]","[0.7264848947525024, 0.43043243885040283, -0.8198283314704895]","[0.5658962726593018, 0.3434014916419983, -0.46791064739227295]","[0.6473174691200256, 0.318656325340271, -0.6722280979156494]","[0.5877098441123962, 0.39344459772109985, -0.7254577875137329]","[0.5375894904136658, 0.44963252544403076, -0.7615194916725159]","[0.43614014983177185, 0.3120204210281372, -0.47049736976623535]","[0.46277323365211487, 0.2986251413822174, -0.6278428435325623]","[0.4052720069885254, 0.3744414448738098, -0.6378310918807983]","[0.37048909068107605, 0.43097323179244995, -0.6368424296379089]","[0.2919422388076782, 0.2928638160228729, -0.4789675772190094]","[0.2893913984298706, 0.3051401376724243, -0.5900877714157104]","[0.2630486488342285, 0.3579290807247162, -0.6097898483276367]","[0.2538835108280182, 0.4027879238128662, -0.6206122040748596]"
"[0.35897982120513916, 0.7838452458381653, 5.501904638549604e-07]","[0.5908663272857666, 0.7347865104675293, -0.07923239469528198]","[0.7447813749313354, 0.5312904715538025, -0.10344810038805008]","[0.7532209753990173, 0.3102574944496155, -0.13214850425720215]","[0.7578582763671875, 0.1581142544746399, -0.14980857074260712]","[0.742949366569519, 0.40223824977874756, 0.05303432419896126]","[0.8052246570587158, 0.24186785519123077, -0.050754450261592865]","[0.8348550200462341, 0.23749351501464844, -0.11196532100439072]","[0.8212407231330872, 0.2771907448768616, -0.1346496343612671]","[0.6096675395965576, 0.3397633731365204, 0.047423265874385834]","[0.67350834608078, 0.1826324760913849, -0.08053502440452576]","[0.617085874080658, 0.3480544090270996, -0.12215306609869003]","[0.5944483280181885, 0.45797398686408997, -0.1087065041065216]","[0.4703596234321594, 0.321593701839447, 0.015924371778964996]","[0.5191665887832642, 0.2040991187095642, -0.13581781089305878]","[0.4750707745552063, 0.39363694190979004, -0.13229580223560333]","[0.46781039237976074, 0.47762805223464966, -0.08009815216064453]","[0.32128283381462097, 0.32841843366622925, -0.020717641338706017]","[0.38497117161750793, 0.23902948200702667, -0.12273290008306503]","[0.36550527811050415, 0.3741817772388458, -0.11200122535228729]","[0.3639878034591675, 0.4432656168937683, -0.07505282014608383]"
"[0.5287572145462036, 0.8061065077781677, 3.5568498901739076e-07]","[0.6905582547187805, 0.616431474685669, -0.07736186683177948]","[0.7028127312660217, 0.3725169003009796, -0.10255199670791626]","[0.590678870677948, 0.18630027770996094, -0.13360771536827087]","[0.4889310598373413, 0.08117523789405823, -0.1480352133512497]","[0.6258251070976257, 0.2448020577430725, 0.057311855256557465]","[0.5812615156173706, 0.07625049352645874, -0.04331071302294731]","[0.5908475518226624, 0.10181736946105957, -0.09256573766469955]","[0.5900509357452393, 0.169840469956398, -0.10497207939624786]","[0.4883200228214264, 0.28711849451065063, 0.05086177587509155]","[0.42083096504211426, 0.14327768981456757, -0.059821780771017075]","[0.4767633378505707, 0.313196063041687, -0.08277496695518494]","[0.5415963530540466, 0.38183191418647766, -0.06244686618447304]","[0.37076759338378906, 0.36286914348602295, 0.016345839947462082]","[0.31589585542678833, 0.25535592436790466, -0.12302453070878983]","[0.4012274742126465, 0.42413535714149475, -0.11519928276538849]","[0.46713435649871826, 0.467263400554657, -0.06681186705827713]","[0.2605675160884857, 0.45947256684303284, -0.024180587381124496]","[0.2345367968082428, 0.3656156361103058, -0.11716580390930176]","[0.3003649413585663, 0.47899359464645386, -0.10678116977214813]","[0.3518449068069458, 0.5227037668228149, -0.07309900224208832]"
"[0.3836488723754883, 0.3591514527797699, 1.4225166466985684e-07]","[0.4576709270477295, 0.37609660625457764, -0.020156389102339745]","[0.5849739909172058, 0.34996140003204346, -0.06763505190610886]","[0.694158136844635, 0.3290366232395172, -0.12576830387115479]","[0.7788167595863342, 0.3057853579521179, -0.18242976069450378]","[0.6602426171302795, 0.3835521936416626, -0.07222248613834381]","[0.7616117000579834, 0.37327566742897034, -0.1449158489704132]","[0.7807831168174744, 0.3487105369567871, -0.18115608394145966]","[0.7667264342308044, 0.28797563910484314, -0.1943388432264328]","[0.5957515239715576, 0.364530086517334, -0.0955972969532013]","[0.65639328956604, 0.3630730211734772, -0.1570032387971878]","[0.6639091372489929, 0.34015899896621704, -0.1662619709968567]","[0.631770133972168, 0.2679532766342163, -0.169722780585289]","[0.49532121419906616, 0.3294837772846222, -0.12280377745628357]","[0.5549966096878052, 0.3380049169063568, -0.17934706807136536]","[0.5731783509254456, 0.32757455110549927, -0.17131809890270233]","[0.5491196513175964, 0.2763822078704834, -0.15625165402889252]","[0.37357595562934875, 0.2819064259529114, -0.15406589210033417]","[0.3962442874908447, 0.2611960172653198, -0.17482629418373108]","[0.40695589780807495, 0.2771749198436737, -0.1561477929353714]","[0.40414488315582275, 0.2761472463607788, -0.1400233805179596]"
"[0.3388122320175171, 0.4236077070236206, 4.721492885551015e-08]","[0.4515444338321686, 0.43579667806625366, 0.029795382171869278]","[0.6074292063713074, 0.4199281334877014, -0.0045572915114462376]","[0.7268548011779785, 0.4149560034275055, -0.05907945707440376]","[0.810131311416626, 0.40219950675964355, -0.11572949588298798]","[0.55198734998703, 0.5062001943588257, -0.0374777726829052]","[0.746505856513977, 0.4427254796028137, -0.10159426182508469]","[0.8236277103424072, 0.3777312636375427, -0.14582572877407074]","[0.8690017461776733, 0.3130594491958618, -0.17114539444446564]","[0.44672662019729614, 0.47627124190330505, -0.08786946535110474]","[0.6370600461959839, 0.351836621761322, -0.142408087849617]","[0.7418011426925659, 0.30676335096359253, -0.15249942243099213]","[0.7733460664749146, 0.2561788558959961, -0.16397474706172943]","[0.3212897479534149, 0.4212588667869568, -0.13717517256736755]","[0.5081819295883179, 0.27843010425567627, -0.18641501665115356]","[0.6030321717262268, 0.26781511306762695, -0.17443297803401947]","[0.6226418018341064, 0.24889880418777466, -0.16459788382053375]","[0.20999838411808014, 0.34309467673301697, -0.1865963190793991]","[0.3327457308769226, 0.219576895236969, -0.2009081393480301]","[0.42554622888565063, 0.20499126613140106, -0.17594368755817413]","[0.47528934478759766, 0.19613157212734222, -0.1603822559118271]"
"[0.47137677669525146, 0.33055728673934937, -1.7179497717734193e-06]","[0.6149712800979614, 0.35317671298980713, -0.10029280930757523]","[0.708844780921936, 0.31351834535598755, -0.16215097904205322]","[0.7287548780441284, 0.30601775646209717, -0.21396580338478088]","[0.6945362091064453, 0.31571388244628906, -0.2590174674987793]","[0.6666591763496399, 0.1603240966796875, -0.12499411404132843]","[0.6733301877975464, 0.21627171337604523, -0.22290755808353424]","[0.6300278306007385, 0.3227132558822632, -0.2735363841056824]","[0.6121377944946289, 0.3806707262992859, -0.29436808824539185]","[0.5402361154556274, 0.12640336155891418, -0.10921937227249146]","[0.5290700793266296, 0.24245081841945648, -0.19378776848316193]","[0.5035337805747986, 0.377860426902771, -0.20917411148548126]","[0.5021297931671143, 0.42133772373199463, -0.20792579650878906]","[0.4197644591331482, 0.12476228922605515, -0.10512258857488632]","[0.4033298194408417, 0.2574591636657715, -0.18941646814346313]","[0.39582759141921997, 0.38373708724975586, -0.18613684177398682]","[0.40243080258369446, 0.41073811054229736, -0.16833966970443726]","[0.3045006990432739, 0.1472059041261673, -0.10866474360227585]","[0.28822967410087585, 0.25121402740478516, -0.15118500590324402]","[0.28836438059806824, 0.35373449325561523, -0.13454607129096985]","[0.30134645104408264, 0.3929424285888672, -0.11178818345069885]"
"[0.3053559958934784, 0.444568008184433, -9.565087566443253e-07]","[0.34177476167678833, 0.5508257150650024, -0.09440923482179642]","[0.33070507645606995, 0.6524156332015991, -0.1560603529214859]","[0.31578734517097473, 0.702481746673584, -0.20582978427410126]","[0.28201958537101746, 0.7264080047607422, -0.24977833032608032]","[0.25590625405311584, 0.49943023920059204, -0.17078861594200134]","[0.30837482213974, 0.5481089353561401, -0.27451291680336]","[0.35954371094703674, 0.5793974995613098, -0.33165448904037476]","[0.35518330335617065, 0.602445125579834, -0.3639274835586548]","[0.26507532596588135, 0.4079422354698181, -0.17265339195728302]","[0.33077383041381836, 0.4094539284706116, -0.28850457072257996]","[0.40709251165390015, 0.47327059507369995, -0.3204838037490845]","[0.42020267248153687, 0.5223378539085388, -0.3346649408340454]","[0.28951185941696167, 0.34410685300827026, -0.18293003737926483]","[0.35596320033073425, 0.3470603823661804, -0.30694159865379333]","[0.4380449652671814, 0.41269904375076294, -0.3209393322467804]","[0.464059054851532, 0.45702049136161804, -0.3117455244064331]","[0.31854066252708435, 0.3009840250015259, -0.1976940631866455]","[0.36938929557800293, 0.3125767707824707, -0.290554404258728]","[0.4125845730304718, 0.34545448422431946, -0.30245518684387207]","[0.42857885360717773, 0.36848607659339905, -0.2992514371871948]"
"[0.32514357566833496, 0.7832891941070557, -1.6709313968021888e-06]","[0.4563077688217163, 0.6177029013633728, 0.03346480429172516]","[0.6161911487579346, 0.4760816693305969, 0.07016755640506744]","[0.7095173001289368, 0.36246785521507263, 0.08623034507036209]","[0.7439923286437988, 0.2582379877567291, 0.1025114506483078]","[0.7505533695220947, 0.5043442845344543, 0.16578230261802673]","[0.7733431458473206, 0.2683252990245819, 0.14087198674678802]","[0.6953514814376831, 0.24398192763328552, 0.11198095977306366]","[0.6424458026885986, 0.28843650221824646, 0.10441047698259354]","[0.7726215124130249, 0.515681266784668, 0.13641467690467834]","[0.7648853659629822, 0.2726474404335022, 0.11720099300146103]","[0.6588491201400757, 0.25961899757385254, 0.08754567056894302]","[0.5915722846984863, 0.29359039664268494, 0.08441640436649323]","[0.7791829109191895, 0.531801700592041, 0.09481582045555115]","[0.7395443916320801, 0.2853291630744934, 0.07847926020622253]","[0.6282351016998291, 0.2871944010257721, 0.06300649046897888]","[0.5732923746109009, 0.3370886445045471, 0.06448172777891159]","[0.7702728509902954, 0.5563731789588928, 0.05226911976933479]","[0.7216176986694336, 0.3326706886291504, 0.04448148235678673]","[0.6339033842086792, 0.3227073550224304, 0.049693718552589417]","[0.5843663811683655, 0.3559204936027527, 0.06662853807210922]"
"[0.6112232208251953, 0.7629134654998779, 2.632489497500501e-07]","[0.7192798256874084, 0.5353589057922363, -0.05196595937013626]","[0.6486868858337402, 0.313046932220459, -0.06822755187749863]","[0.480099081993103, 0.17731429636478424, -0.09368712455034256]","[0.35930490493774414, 0.09576573967933655, -0.11074145883321762]","[0.5401715040206909, 0.2245354950428009, 0.05043645203113556]","[0.4266645312309265, 0.08444643020629883, -0.037102822214365005]","[0.45325523614883423, 0.08681406080722809, -0.08771290630102158]","[0.4914289712905884, 0.140541672706604, -0.10886789113283157]","[0.4265197813510895, 0.3097377419471741, 0.033965300768613815]","[0.31465378403663635, 0.18624752759933472, -0.07028147578239441]","[0.41891753673553467, 0.3117036521434784, -0.10272431373596191]","[0.5044248700141907, 0.37502968311309814, -0.0957721471786499]","[0.3445442020893097, 0.4245816469192505, -0.0037884970661252737]","[0.2582486569881439, 0.32768750190734863, -0.13547977805137634]","[0.3846445083618164, 0.44915586709976196, -0.13847824931144714]","[0.4574514627456665, 0.4863598942756653, -0.10260087996721268]","[0.27257171273231506, 0.5574471354484558, -0.04433388262987137]","[0.22146344184875488, 0.4716416597366333, -0.1429516077041626]","[0.3137980103492737, 0.5466885566711426, -0.14505264163017273]","[0.37474703788757324, 0.5745720863342285, -0.12292695790529251]"
"[0.4463956654071808, 0.5552719831466675, -8.85070335243654e-07]","[0.501922607421875, 0.45605337619781494, -0.07517598569393158]","[0.5177619457244873, 0.3176637291908264, -0.13171951472759247]","[0.5116826295852661, 0.20115938782691956, -0.18423667550086975]","[0.5088181495666504, 0.10192257165908813, -0.22974324226379395]","[0.46640610694885254, 0.26249808073043823, -0.10630327463150024]","[0.4673253893852234, 0.17606712877750397, -0.21893155574798584]","[0.4887900948524475, 0.24168026447296143, -0.2791942358016968]","[0.5191119909286499, 0.3120630979537964, -0.3039022386074066]","[0.3663907051086426, 0.3170168995857239, -0.10321144014596939]","[0.42854464054107666, 0.241834819316864, -0.2219618558883667]","[0.4886006712913513, 0.3478813171386719, -0.24408143758773804]","[0.5264906287193298, 0.4428209662437439, -0.2381652146577835]","[0.27849385142326355, 0.3816169202327728, -0.11378662288188934]","[0.33167991042137146, 0.34427064657211304, -0.221981480717659]","[0.3911082148551941, 0.44858139753341675, -0.2182946652173996]","[0.4249989986419678, 0.5379195809364319, -0.192278653383255]","[0.20237448811531067, 0.4590832591056824, -0.12911328673362732]","[0.2465270459651947, 0.4523024559020996, -0.19767101109027863]","[0.3007015883922577, 0.534790575504303, -0.19473432004451752]","[0.3266356289386749, 0.6012576818466187, -0.17697925865650177]"
"[0.3598528504371643, 0.5233945846557617, -1.8826867176358064e-08]","[0.4681597054004669, 0.5431262254714966, -0.12744204699993134]","[0.6203517913818359, 0.4983825385570526, -0.218082457780838]","[0.7081699371337891, 0.44812119007110596, -0.2967045307159424]","[0.7505906820297241, 0.40344274044036865, -0.3686206340789795]","[0.6752698421478271, 0.28055286407470703, -0.1757253259420395]","[0.7939375638961792, 0.16451828181743622, -0.31218990683555603]","[0.8087214231491089, 0.2291855365037918, -0.37928885221481323]","[0.787122368812561, 0.30660703778266907, -0.40781188011169434]","[0.542513906955719, 0.25054991245269775, -0.1665172129869461]","[0.6394064426422119, 0.18516138195991516, -0.3284010589122772]","[0.6251913905143738, 0.37354716658592224, -0.365983784198761]","[0.5847145915031433, 0.4928560256958008, -0.3578803241252899]","[0.405933678150177, 0.2606780230998993, -0.1720104068517685]","[0.4761413037776947, 0.24290341138839722, -0.3249203562736511]","[0.47198158502578735, 0.4296029210090637, -0.3129510283470154]","[0.442350834608078, 0.5308287143707275, -0.26952651143074036]","[0.26605668663978577, 0.30057454109191895, -0.1846366822719574]","[0.3170194923877716, 0.3447846472263336, -0.29440051317214966]","[0.3243951201438904, 0.4870382249355316, -0.2879081964492798]","[0.31456953287124634, 0.5521478652954102, -0.25847750902175903]"
"[0.45194342732429504, 0.8255114555358887, 7.04308035892609e-07]","[0.6733741760253906, 0.6947336196899414, -0.06992655247449875]","[0.7439023852348328, 0.45042526721954346, -0.09105321019887924]","[0.6783123016357422, 0.23474717140197754, -0.12037117779254913]","[0.6366978883743286, 0.08337458968162537, -0.13906630873680115]","[0.6912602186203003, 0.32624340057373047, 0.07479526847600937]","[0.6889582276344299, 0.14693358540534973, -0.021466664969921112]","[0.7292183041572571, 0.14598077535629272, -0.08129195123910904]","[0.7314954996109009, 0.20358291268348694, -0.10403957217931747]","[0.5448511838912964, 0.3154781758785248, 0.06679701805114746]","[0.5529510974884033, 0.1352069079875946, -0.049856070429086685]","[0.5696353316307068, 0.30845198035240173, -0.08928685635328293]","[0.5832235813140869, 0.4190186858177185, -0.07612977921962738]","[0.4113091826438904, 0.34646719694137573, 0.032265011221170425]","[0.4226752519607544, 0.2065136432647705, -0.10778585076332092]","[0.45467063784599304, 0.39936795830726624, -0.10425902903079987]","[0.469853937625885, 0.47426363825798035, -0.0549151711165905]","[0.2760584354400635, 0.3977135121822357, -0.007613743655383587]","[0.31378814578056335, 0.2929677367210388, -0.10305994004011154]","[0.34343183040618896, 0.4256250858306885, -0.09361551702022552]","[0.361833393573761, 0.48592251539230347, -0.05951748788356781]"
"[0.4812543988227844, 0.4090989828109741, -5.718553097722179e-07]","[0.5012651681900024, 0.3309996426105499, -0.08964432030916214]","[0.4631131887435913, 0.21895168721675873, -0.14545680582523346]","[0.398830771446228, 0.17281071841716766, -0.19613997638225555]","[0.3255976140499115, 0.15417146682739258, -0.2375941127538681]","[0.3663465976715088, 0.13485224545001984, -0.10251239687204361]","[0.2947623133659363, 0.053330764174461365, -0.21939854323863983]","[0.3643139600753784, 0.11551391333341599, -0.2761359214782715]","[0.4339050054550171, 0.19014544785022736, -0.29575154185295105]","[0.28436729311943054, 0.25102555751800537, -0.1028250902891159]","[0.2346194088459015, 0.22904512286186218, -0.23309409618377686]","[0.3704754114151001, 0.33083438873291016, -0.2554031312465668]","[0.4571381211280823, 0.3837539553642273, -0.24134625494480133]","[0.2365114539861679, 0.3753184676170349, -0.11878864467144012]","[0.21238239109516144, 0.3848298192024231, -0.24975164234638214]","[0.34990012645721436, 0.48755574226379395, -0.22405259311199188]","[0.4211777150630951, 0.5246856808662415, -0.17379511892795563]","[0.21293926239013672, 0.4994046092033386, -0.14023834466934204]","[0.20716893672943115, 0.5236066579818726, -0.2232149988412857]","[0.3036262094974518, 0.591293215751648, -0.19680801033973694]","[0.3544759154319763, 0.6072524785995483, -0.15601955354213715]"
"[0.11771859228610992, 0.49115467071533203, -8.59478390680124e-08]","[0.1259179562330246, 0.47399812936782837, -0.002202481497079134]","[0.1284518539905548, 0.4569021463394165, -0.005154682323336601]","[0.12658467888832092, 0.44668394327163696, -0.009327543899416924]","[0.12400297820568085, 0.4404679536819458, -0.013233478181064129]","[0.11364854872226715, 0.43925783038139343, -0.0025117499753832817]","[0.11527322232723236, 0.43419721722602844, -0.010368315503001213]","[0.12199942022562027, 0.43999138474464417, -0.016278397291898727]","[0.1286965310573578, 0.4454003870487213, -0.019127827137708664]","[0.10197871178388596, 0.445549339056015, -0.004569132812321186]","[0.11697390675544739, 0.44814616441726685, -0.013709556311368942]","[0.12881670892238617, 0.4592423141002655, -0.017790881916880608]","[0.13764603435993195, 0.4690033793449402, -0.01838579960167408]","[0.09319077432155609, 0.4560196101665497, -0.007210336159914732]","[0.1080385148525238, 0.45905473828315735, -0.01554605271667242]","[0.11934024095535278, 0.4665178954601288, -0.01602110266685486]","[0.12826457619667053, 0.47379323840141296, -0.013771222904324532]","[0.08627926558256149, 0.46915435791015625, -0.010061495006084442]","[0.09617621451616287, 0.4678388833999634, -0.01540323719382286]","[0.10642301291227341, 0.4707038998603821, -0.014238771982491016]","[0.11510494351387024, 0.4741000235080719, -0.011120196431875229]"
"[0.6356161832809448, 0.753777027130127, 1.4426993288907397e-07]","[0.7077354192733765, 0.5052604675292969, -0.06446300446987152]","[0.6014730930328369, 0.29418638348579407, -0.07662858814001083]","[0.4122963547706604, 0.17766505479812622, -0.09545619040727615]","[0.2776425778865814, 0.12289507687091827, -0.09958412498235703]","[0.5027694702148438, 0.22930219769477844, 0.06866868585348129]","[0.35266464948654175, 0.11089193820953369, -0.02200402319431305]","[0.37329626083374023, 0.1330414116382599, -0.06790689378976822]","[0.4181482195854187, 0.1767912209033966, -0.08287598192691803]","[0.402784138917923, 0.33338505029678345, 0.06169397011399269]","[0.2573031187057495, 0.2445586621761322, -0.037965502589941025]","[0.3671669363975525, 0.3601371645927429, -0.0604582279920578]","[0.46156182885169983, 0.378063827753067, -0.04555249586701393]","[0.3362244665622711, 0.4560132920742035, 0.027852552011609077]","[0.21963167190551758, 0.39571788907051086, -0.10468148440122604]","[0.3602526783943176, 0.5025601387023926, -0.10678985714912415]","[0.4483405351638794, 0.4960785508155823, -0.06905054301023483]","[0.2834170162677765, 0.5852818489074707, -0.010534597560763359]","[0.21212521195411682, 0.5283808708190918, -0.10779884457588196]","[0.30813729763031006, 0.5958540439605713, -0.11248386651277542]","[0.3798123598098755, 0.6013360023498535, -0.09106330573558807]"
